from;to
226;120
149;78
256;71
99;86
118;39
154;94
39;6
115;101
174;132
153;44
104;62
98;42
171;139
146;39
143;91
94;92
284;94
99;73
217;33
268;17
84;82
94;60
269;26
235;85
35;32
149;66
201;184
147;79
275;167
246;105
283;73
246;89
73;21
16;13
242;216
201;104
114;111
70;39
134;82
140;71
106;19
262;143
94;51
194;92
226;42
286;8
117;29
149;43
133;95
124;43
40;37
247;243
242;69
109;81
49;3
143;60
92;33
157;6
201;176
43;38
212;62
195;92
46;42
123;3
187;71
99;23
47;3
51;32
48;21
194;140
263;114
249;33
248;149
189;21
134;92
187;111
189;60
84;44
172;58
118;36
138;94
194;18
143;11
176;114
155;40
85;40
58;50
232;9
210;3
94;37
239;58
185;162
140;13
275;135
104;16
174;94
140;29
246;51
84;37
185;77
87;49
110;52
108;31
139;51
211;39
270;143
60;21
80;76
255;42
183;130
36;11
130;73
84;21
54;33
48;18
193;44
249;39
84;65
155;7
87;44
49;29
111;9
171;44
201;84
188;17
94;72
229;5
197;33
271;39
82;15
101;37
195;65
42;13
195;56
181;164
154;147
32;20
236;29
198;73
114;33
40;5
45;9
249;30
79;39
181;5
78;6
149;15
182;60
92;28
252;79
176;77
114;5
60;37
148;51
167;56
110;84
89;30
181;10
48;13
143;97
79;27
30;17
261;184
79;74
162;91
226;3
143;56
183;181
200;7
97;15
129;39
252;34
60;33
65;39
59;30
147;39
79;28
54;45
176;20
76;23
85;43
115;12
197;36
210;114
169;135
72;39
254;99
29;23
72;58
65;42
66;60
96;8
201;194
126;43
176;83
60;13
76;51
79;26
101;58
213;76
153;143
147;105
154;32
127;79
140;135
188;82
236;134
143;6
27;11
129;120
283;229
85;7
232;135
69;42
236;38
189;79
149;47
154;81
153;49
229;18
183;8
184;49
236;137
229;137
214;43
174;137
130;6
208;60
59;6
123;94
82;60
229;201
220;42
26;17
7;3
229;115
226;183
48;37
208;29
111;42
121;42
42;35
43;24
188;83
79;43
195;52
289;26
185;32
156;55
142;87
114;52
246;12
171;90
138;87
261;59
151;92
201;118
194;71
223;104
162;104
249;153
209;115
261;47
129;65
258;120
236;17
67;48
239;195
232;58
79;19
184;76
189;101
249;5
143;36
158;70
21;5
189;5
83;49
82;37
187;104
248;73
236;23
221;13
242;29
216;89
77;33
283;34
195;70
213;106
230;85
232;70
152;84
269;33
239;154
288;24
155;117
112;92
286;155
226;38
283;92
72;7
235;165
286;153
146;42
200;155
40;6
148;143
174;30
79;55
271;42
94;34
263;195
274;39
201;143
194;21
266;29
232;96
270;84
138;58
38;36
216;134
201;51
154;105
194;10
178;60
184;84
143;52
200;72
99;16
263;139
197;105
85;1
81;17
251;13
244;83
194;147
132;85
216;112
156;33
55;21
89;48
135;110
262;151
67;65
207;79
229;64
149;42
55;23
209;58
114;15
58;41
188;42
181;99
59;23
226;94
118;104
242;71
67;58
277;140
102;92
36;24
268;85
101;92
189;63
143;84
165;20
241;29
105;18
69;10
21;12
81;56
112;17
115;87
232;49
233;79
244;52
171;58
176;24
65;54
141;42
262;3
56;40
249;84
45;40
32;18
107;97
229;150
139;18
256;65
140;84
117;85
118;67
74;44
182;84
92;82
88;60
76;72
97;54
249;44
185;94
172;158
116;42
233;48
157;72
150;60
90;79
231;79
149;147
46;24
290;188
157;94
261;61
216;21
220;37
177;42
55;49
61;29
115;9
163;56
189;12
125;10
237;42
141;44
32;1
275;195
175;44
106;18
102;32
237;220
96;15
82;48
201;163
114;91
81;21
76;40
290;18
218;37
97;96
261;104
64;36
97;94
194;129
43;11
245;58
134;45
97;81
65;24
77;45
183;10
101;97
194;115
187;152
94;59
182;82
115;79
195;152
44;29
82;78
239;212
65;58
229;92
153;42
79;21
120;18
166;36
181;58
246;87
182;106
221;188
156;99
185;73
36;13
153;16
195;5
83;32
162;139
81;71
134;17
279;3
155;91
140;60
144;39
129;79
85;11
70;64
183;167
139;24
155;27
53;18
120;95
46;3
157;115
195;134
237;32
37;27
150;32
91;3
286;52
290;140
75;8
147;72
183;98
39;31
104;69
72;70
248;70
72;64
189;167
13;6
64;11
162;37
281;233
176;112
246;143
34;23
74;42
236;85
229;59
42;20
64;39
149;99
167;40
43;29
232;156
246;85
216;86
98;76
82;34
200;194
108;84
89;33
86;39
81;51
246;174
121;13
105;23
149;130
126;70
27;23
265;216
183;37
187;64
208;184
271;94
104;94
204;150
63;58
226;153
97;87
180;63
183;11
60;7
103;16
200;135
60;36
194;120
221;37
92;38
151;37
145;3
48;6
39;30
123;88
199;33
243;29
132;33
114;70
72;26
275;140
94;49
78;24
171;112
188;91
214;42
217;118
121;32
77;38
209;79
269;90
147;85
63;43
242;239
73;69
223;48
200;42
29;10
104;23
189;42
42;26
201;152
190;160
171;65
176;150
244;147
140;108
195;34
261;233
188;65
261;21
261;27
229;78
248;96
94;82
88;33
84;6
290;81
261;92
91;27
112;88
32;16
154;44
250;97
140;42
31;21
84;54
149;117
212;43
149;103
52;1
167;37
283;72
271;79
139;100
242;162
79;64
270;33
63;32
149;49
259;44
148;44
140;62
165;94
261;105
154;51
30;20
197;88
49;17
140;85
185;69
182;167
91;44
34;16
134;94
72;63
183;129
84;43
189;97
268;33
210;48
210;149
110;97
80;60
249;148
252;194
140;6
185;19
121;39
163;9
245;139
188;129
73;48
161;32
85;6
210;91
246;118
182;44
257;44
220;79
106;94
150;88
54;6
171;42
229;106
84;5
188;13
115;65
265;149
200;25
283;29
29;12
209;83
149;64
271;150
197;107
23;13
90;3
239;101
135;10
33;27
181;94
69;44
149;59
27;16
56;54
236;140
121;3
183;85
273;65
176;56
236;56
246;3
107;44
113;79
79;75
135;26
223;3
248;12
117;37
246;120
89;60
49;19
283;21
96;75
79;65
236;52
223;29
236;112
244;195
150;97
21;2
174;47
208;70
242;149
242;21
139;6
120;6
44;25
152;49
40;36
265;140
225;85
214;87
181;110
19;5
261;1
50;42
81;23
80;32
156;21
185;49
81;60
33;29
135;85
104;13
182;26
194;135
249;190
84;15
92;30
181;129
81;15
171;70
181;21
149;135
104;90
85;26
28;17
266;23
58;57
149;140
155;83
153;72
85;54
155;101
236;189
174;68
120;70
248;17
166;40
214;75
102;90
195;90
79;37
249;157
210;96
250;183
236;158
54;43
64;5
76;39
216;45
185;16
140;18
150;84
283;32
42;31
246;94
239;16
175;3
73;12
146;85
236;182
290;183
192;60
275;200
185;114
151;42
188;184
232;140
114;37
277;44
230;153
254;83
241;60
216;58
44;23
182;65
249;239
97;49
223;107
257;42
183;101
242;9
198;85
176;165
118;44
81;39
239;184
244;39
230;157
262;146
144;135
160;106
129;84
135;120
265;23
147;36
176;102
234;3
148;79
85;27
183;114
282;185
120;66
162;42
154;27
254;44
39;1
162;85
112;110
68;36
157;42
167;26
72;33
112;13
199;39
19;7
234;60
68;24
74;64
183;84
57;16
43;18
233;60
65;30
212;79
112;39
210;185
71;34
104;87
210;42
273;32
139;29
84;76
65;5
124;42
148;106
24;17
78;42
183;27
159;21
110;60
5;3
42;22
96;85
185;150
174;33
144;21
137;77
93;42
97;95
216;188
70;40
84;49
130;79
135;31
139;94
162;122
183;92
188;76
54;36
226;44
55;42
157;99
188;120
148;34
252;168
218;84
250;209
115;36
19;17
176;143
171;118
120;43
76;47
179;44
268;261
143;65
232;60
236;195
150;115
49;44
253;24
167;62
94;77
190;176
235;16
232;120
190;153
139;85
134;9
182;99
92;24
95;65
216;129
167;120
194;144
15;13
275;94
214;201
49;5
134;33
157;44
150;64
44;37
103;42
276;162
167;59
187;94
216;99
101;99
150;55
288;49
282;42
49;13
216;139
51;13
171;79
200;149
261;79
194;114
32;11
121;94
197;5
43;3
264;42
256;18
101;63
198;79
183;77
185;58
249;226
108;29
153;65
262;44
60;52
261;149
274;42
76;65
229;10
76;63
57;37
115;91
275;91
283;114
30;3
135;86
143;16
275;72
195;94
79;68
195;80
290;31
49;31
194;47
102;79
111;97
220;72
248;32
191;44
152;139
235;70
192;134
91;23
194;107
79;15
290;214
248;92
62;10
63;26
269;79
258;84
114;107
236;18
201;17
100;43
79;53
104;79
196;84
82;64
130;56
122;84
126;84
252;135
234;79
185;115
106;23
238;8
114;9
96;55
185;65
79;61
114;99
191;94
189;71
214;55
33;9
237;194
272;27
70;5
229;135
118;11
236;13
156;84
99;32
200;12
147;58
150;76
96;60
264;79
166;94
216;73
84;17
92;72
129;118
94;74
254;32
112;24
236;44
242;72
124;114
42;30
181;20
89;81
162;97
114;32
118;13
79;69
254;235
162;77
139;82
105;97
184;129
147;15
246;167
135;71
58;3
81;52
221;43
105;5
58;56
94;87
191;42
201;70
248;183
140;106
60;27
184;30
126;4
55;5
30;6
29;13
120;106
288;84
261;3
108;44
201;82
65;23
106;38
187;162
140;17
21;9
150;68
222;94
282;85
33;19
187;167
188;23
217;26
187;120
49;26
174;59
159;58
82;44
167;9
154;18
257;54
286;108
244;94
176;82
263;194
148;18
84;46
286;195
240;42
84;56
194;158
176;31
200;182
104;17
251;245
263;79
58;51
154;6
139;124
249;118
59;32
270;236
148;97
99;59
249;29
135;18
87;79
206;79
92;91
118;72
135;29
135;79
247;124
180;39
24;9
194;76
59;44
167;3
91;77
211;135
155;13
139;135
256;150
55;6
223;65
76;10
216;59
124;3
290;56
104;97
229;42
180;3
106;74
241;134
56;43
43;6
194;48
97;58
82;9
157;134
174;37
270;70
51;37
209;176
221;214
24;21
88;43
149;90
252;167
185;184
229;183
256;42
223;42
214;112
218;39
94;73
138;97
46;37
40;3
166;12
239;87
242;135
226;112
226;181
65;31
248;188
39;3
148;1
159;139
185;23
252;42
55;38
120;9
222;42
155;84
286;32
109;3
72;43
139;13
134;65
86;85
140;91
197;6
229;214
181;78
77;12
104;47
99;83
68;21
270;134
103;58
115;33
150;59
56;33
115;69
180;77
103;27
92;83
242;137
135;97
246;162
143;79
102;98
122;23
230;162
148;144
44;40
42;8
70;54
59;58
246;114
246;96
265;70
223;94
188;70
195;147
255;44
163;11
229;33
56;5
198;39
251;87
187;129
129;114
81;24
38;33
203;42
266;3
112;31
183;39
238;115
174;64
140;65
216;77
85;49
121;70
290;94
187;106
109;29
211;44
143;90
51;29
136;33
105;16
16;10
283;42
194;58
167;20
91;69
138;76
256;58
110;49
190;185
184;16
174;28
226;182
114;26
143;63
58;13
95;83
175;84
149;33
250;118
21;20
92;43
157;85
149;95
30;16
171;3
112;12
221;78
193;3
92;21
114;63
141;23
115;45
182;143
194;69
197;43
107;32
286;58
226;70
172;92
63;29
278;34
229;54
73;51
195;16
92;12
162;143
261;96
218;3
109;56
140;76
182;85
115;59
216;195
196;42
261;198
242;17
118;12
150;3
139;81
245;135
49;45
181;161
126;44
83;13
97;5
105;92
234;95
106;73
187;81
241;56
236;145
277;84
147;3
274;256
42;37
200;13
278;97
143;77
131;85
290;49
126;16
147;84
71;37
94;26
286;183
70;1
239;110
220;184
215;79
79;57
111;24
43;7
236;184
241;81
250;42
117;79
249;90
91;45
201;76
173;97
283;143
30;13
43;19
216;114
262;248
45;13
194;13
171;114
190;92
127;21
254;3
46;27
78;65
221;143
236;207
72;13
157;26
63;44
158;92
183;149
236;19
167;7
21;6
275;104
21;10
229;176
97;31
96;78
148;12
151;70
45;32
172;104
162;114
185;134
79;51
284;118
183;182
92;46
32;15
89;49
270;87
162;118
120;32
31;9
234;29
281;42
126;81
77;16
61;6
214;54
226;32
45;23
242;87
84;63
49;32
182;58
222;29
84;33
163;49
137;96
275;73
265;126
248;29
51;36
290;44
69;60
155;140
108;21
154;58
124;51
184;42
72;37
88;47
26;23
167;121
248;63
56;34
60;34
138;3
33;23
44;21
70;42
229;29
226;21
167;64
94;17
222;44
246;43
132;81
188;95
176;78
165;139
188;33
162;78
88;24
106;102
105;56
183;99
88;82
115;78
159;101
167;24
84;61
194;98
76;30
249;167
54;39
275;144
181;34
49;1
73;18
134;18
106;84
155;60
148;61
150;18
137;37
56;48
244;89
153;3
194;94
75;60
185;153
73;11
235;150
15;12
236;64
226;54
87;65
69;18
166;85
223;195
163;97
287;29
189;143
220;33
232;79
97;60
226;188
229;104
156;72
128;60
285;29
150;83
97;7
90;33
269;34
251;84
181;31
261;118
256;47
134;39
96;48
68;32
159;65
92;37
213;201
54;49
87;17
195;139
139;9
114;47
148;32
112;94
79;44
214;99
182;134
150;44
105;84
65;4
150;15
201;97
47;1
85;79
157;47
39;11
235;58
92;51
218;152
283;149
259;200
90;51
120;65
162;23
256;72
155;18
250;32
84;18
97;4
236;21
228;44
143;45
139;48
8;3
86;58
85;31
128;84
162;157
97;22
122;98
181;76
69;49
123;79
181;15
248;21
108;24
106;87
223;140
246;83
147;37
189;33
143;78
132;37
147;49
120;39
268;3
160;9
184;94
257;85
249;40
147;1
106;43
83;76
83;37
245;94
242;39
181;140
60;16
130;49
91;9
155;106
97;77
182;132
188;149
183;33
249;134
112;9
150;118
123;70
181;53
232;91
216;152
135;42
276;49
165;97
144;106
157;152
29;26
140;48
194;99
148;96
99;21
183;86
200;102
272;42
239;73
236;214
283;58
69;37
239;106
149;73
201;32
185;91
189;104
63;39
151;149
226;97
265;124
212;27
290;148
154;29
17;3
258;42
155;99
208;79
239;38
81;44
275;40
235;84
74;58
150;43
144;32
44;16
97;73
181;150
249;139
96;26
78;5
214;76
245;17
70;58
169;85
156;134
96;63
201;81
261;85
238;214
245;239
63;18
135;83
190;84
77;18
188;3
38;13
192;44
80;70
245;70
49;15
84;8
131;79
46;44
18;12
174;60
256;84
188;64
263;87
235;214
250;236
63;42
91;13
195;162
188;29
44;1
77;48
184;17
134;124
44;36
120;12
114;94
268;79
259;84
208;183
239;65
219;12
104;65
77;49
229;94
114;21
161;42
54;21
189;49
92;16
43;30
105;28
158;83
216;64
261;80
189;29
162;115
112;37
120;42
268;87
199;79
143;106
216;16
108;32
108;9
268;13
118;102
209;181
140;80
195;83
111;29
28;5
261;58
280;42
155;85
165;114
188;38
153;60
223;150
152;44
187;56
182;16
91;84
184;82
194;30
160;94
246;181
200;3
108;39
182;94
209;38
62;12
91;33
72;21
94;20
115;19
205;79
191;139
214;23
85;22
112;21
104;63
195;37
265;44
226;87
149;91
104;3
102;29
94;9
105;48
139;17
137;78
213;47
275;13
263;16
118;109
66;12
265;3
115;92
83;33
183;87
64;55
251;32
160;37
194;163
87;62
78;37
71;60
189;88
136;3
150;114
97;11
149;85
167;118
236;28
80;59
148;147
51;34
226;148
60;28
106;96
154;84
235;134
140;97
248;49
89;3
271;81
263;181
229;63
162;64
104;72
183;121
150;135
249;160
182;28
245;39
161;70
174;144
143;85
262;117
165;27
135;92
195;31
229;68
58;18
59;49
188;185
94;27
185;79
221;44
101;90
168;94
134;101
69;67
166;58
33;21
214;182
132;39
187;184
174;118
246;184
71;3
118;47
114;59
152;5
97;92
110;16
263;135
289;84
183;73
134;63
56;3
138;33
126;96
78;18
195;26
140;92
155;32
114;29
85;60
120;30
84;51
143;87
108;79
236;167
150;79
102;23
234;12
237;29
92;76
184;32
82;58
239;78
246;236
246;150
189;105
229;37
64;45
149;94
95;21
44;7
44;32
208;39
138;118
91;16
268;183
262;236
105;79
153;51
286;97
132;58
49;23
115;38
118;112
150;40
270;81
157;81
149;68
167;84
208;16
236;96
236;3
155;79
69;23
51;16
56;13
136;39
115;31
107;81
290;10
106;46
129;29
270;176
227;42
215;44
229;81
75;9
27;10
188;5
48;17
236;102
60;29
92;39
101;96
181;153
251;33
236;33
83;82
80;21
169;84
176;70
223;31
103;33
146;92
39;7
114;24
135;99
289;97
219;65
150;104
207;44
40;34
183;118
107;13
275;37
258;60
149;34
262;16
92;56
124;65
114;97
224;209
126;58
233;3
150;94
283;79
263;3
254;140
195;42
85;16
102;64
91;79
114;30
97;65
121;84
242;159
248;23
134;97
87;16
262;149
222;85
83;38
207;65
226;30
216;117
174;139
286;83
256;37
118;59
26;13
79;24
252;39
181;56
84;60
243;92
59;37
246;149
162;51
248;90
106;70
147;92
87;69
183;51
234;14
190;13
124;33
114;65
200;162
181;29
262;202
151;118
214;39
194;87
190;3
58;14
72;34
167;81
94;29
152;42
153;84
167;165
106;88
84;19
188;31
88;76
285;79
184;85
73;23
134;54
275;114
69;34
182;6
188;79
106;71
80;47
39;19
213;49
242;11
182;148
221;79
152;94
79;1
286;30
120;81
194;183
254;80
242;84
194;31
259;29
245;29
54;5
119;3
180;42
27;7
162;92
99;10
263;229
118;69
201;181
129;69
156;81
209;109
188;143
275;241
289;149
152;38
162;76
216;81
97;13
118;18
174;39
130;120
143;129
246;69
126;87
17;9
163;140
188;139
162;27
194;88
269;37
104;34
143;69
63;33
206;84
188;135
94;19
28;16
134;48
285;150
87;42
56;24
250;242
84;25
289;183
135;51
256;148
229;194
194;149
166;79
228;137
167;38
151;32
248;114
226;37
84;42
96;32
189;32
105;29
276;24
246;68
171;21
112;56
258;246
85;36
182;12
60;54
275;16
288;42
73;10
182;77
183;42
286;84
242;58
219;21
81;12
90;69
143;107
139;28
268;12
140;64
94;70
120;108
240;79
235;42
134;55
88;12
167;108
96;34
239;43
162;110
91;21
195;6
165;160
289;236
97;3
140;63
112;16
80;64
107;49
288;39
83;78
146;44
101;17
215;84
94;69
110;73
178;42
64;29
270;114
121;6
134;120
12;9
162;141
118;64
194;16
290;181
257;3
212;87
163;54
79;59
187;118
112;3
159;37
135;48
78;58
210;85
84;14
159;92
97;25
290;84
282;44
149;45
181;30
80;33
264;24
104;56
287;44
26;11
78;20
275;118
81;47
151;17
148;30
183;147
251;71
248;5
235;114
233;43
65;51
57;35
218;49
112;76
183;13
184;34
176;162
126;60
34;29
39;37
182;78
240;183
106;8
193;43
189;45
192;81
275;117
181;114
174;85
216;144
275;39
227;72
198;104
261;64
275;43
85;13
96;71
136;79
257;60
220;139
246;183
188;148
290;58
31;16
94;3
104;39
289;79
79;4
143;34
147;94
159;69
183;17
94;83
236;2
124;29
159;33
65;36
71;38
38;6
58;17
245;26
184;114
229;149
183;79
183;82
187;6
56;9
283;14
136;17
236;162
209;84
286;65
65;11
181;64
240;143
209;39
118;51
129;96
188;156
275;8
239;51
166;31
194;104
43;21
259;165
176;84
242;102
257;33
58;39
94;39
261;42
32;5
123;44
40;31
39;24
76;18
165;39
235;216
104;6
166;34
260;29
208;94
45;44
79;72
187;58
85;68
97;33
31;23
174;16
162;140
224;44
128;83
59;40
99;9
48;3
38;17
107;106
17;7
144;29
249;101
70;7
85;29
110;58
70;16
185;24
134;3
197;65
258;79
59;56
162;111
48;16
94;88
195;99
239;32
139;58
123;16
167;6
174;56
150;110
153;99
212;3
167;90
114;73
77;20
42;19
106;65
96;92
88;85
108;16
92;19
108;75
275;209
147;33
118;84
77;9
75;35
18;5
128;79
210;99
29;27
115;60
76;21
181;77
29;7
229;221
92;17
262;23
79;22
37;36
290;72
149;126
134;1
100;29
73;60
129;97
195;163
256;80
235;120
218;42
63;49
245;60
156;27
263;62
49;30
68;44
219;39
104;51
134;77
78;33
200;134
130;84
241;159
213;5
184;21
197;32
243;42
107;65
108;85
143;135
270;140
258;216
158;104
263;85
163;3
108;96
165;21
159;28
56;51
118;95
229;71
242;32
112;84
133;83
106;9
64;3
243;76
140;115
183;141
15;10
92;45
78;36
106;44
134;8
223;32
120;104
226;111
256;3
239;90
27;18
184;77
290;3
36;17
185;8
264;58
216;135
182;1
81;34
232;43
6;5
99;97
171;87
77;65
283;24
169;88
251;44
139;44
242;85
106;30
60;14
194;81
143;37
216;147
264;27
246;24
117;58
176;109
104;60
286;143
56;31
214;81
216;137
56;39
144;3
140;105
58;33
8;7
77;4
94;11
176;103
258;58
286;64
216;11
87;3
226;24
244;27
284;42
249;6
153;29
28;23
60;39
139;73
148;84
64;10
265;84
248;176
146;97
181;51
229;83
185;21
44;22
107;26
275;78
149;83
252;60
85;39
244;33
290;23
84;39
243;94
73;59
246;16
185;84
103;29
189;6
130;33
71;47
118;114
236;76
167;29
118;97
242;88
96;31
118;6
147;6
40;29
79;14
203;44
85;77
70;29
189;39
145;39
240;58
221;96
252;44
58;19
234;66
153;139
61;3
210;162
163;33
160;87
136;42
234;84
62;21
165;104
99;55
244;106
290;256
82;33
64;26
275;229
60;35
166;39
182;23
263;90
176;155
167;39
248;135
140;87
268;39
58;5
220;17
216;83
171;149
91;68
150;29
176;49
183;102
162;49
183;135
141;84
118;21
46;33
85;32
46;29
60;25
229;32
269;92
195;101
226;33
85;10
115;67
214;135
65;6
183;52
141;60
79;25
99;81
48;33
66;45
242;104
290;252
102;94
188;73
229;96
18;3
36;21
184;37
195;181
160;8
147;102
167;106
167;33
218;38
32;4
246;189
142;65
242;37
117;68
72;36
101;44
101;40
120;91
143;83
242;3
232;27
261;5
237;44
159;87
166;42
285;21
212;73
51;39
265;32
197;37
153;39
184;3
143;5
268;49
268;18
167;21
187;48
244;84
168;85
73;27
21;8
195;120
68;3
39;21
83;27
229;43
79;41
271;43
246;90
137;65
45;42
260;3
223;40
155;44
242;138
290;167
188;92
94;56
60;59
135;58
160;24
263;83
135;16
161;39
111;33
38;30
162;88
182;5
87;82
165;44
89;64
188;30
178;84
99;29
51;18
111;17
288;9
65;16
134;47
141;28
69;64
69;58
140;11
161;44
156;139
56;45
137;84
107;82
278;84
221;17
156;29
213;83
167;154
243;65
248;39
286;81
195;73
261;259
184;69
139;84
229;17
82;3
96;19
179;155
17;16
132;84
183;104
23;12
78;70
268;54
176;110
102;3
226;18
181;65
144;6
139;77
108;58
114;20
118;86
249;246
89;5
232;73
246;13
155;58
265;94
151;44
183;7
81;5
126;32
165;29
290;257
209;81
34;21
141;51
284;33
90;17
110;51
216;104
182;181
263;54
147;80
65;40
129;99
226;81
201;29
188;34
275;34
102;31
98;32
263;104
174;49
63;21
96;79
143;30
22;19
190;39
233;42
167;152
70;59
194;24
91;51
42;7
236;187
245;27
194;172
144;92
42;38
68;49
184;135
290;139
181;23
36;34
181;28
157;130
182;154
81;7
107;48
118;87
254;134
242;24
208;194
181;134
195;144
92;29
75;29
94;42
245;140
154;143
153;28
117;102
21;7
245;64
126;13
244;241
242;188
30;18
262;107
216;124
214;5
242;65
144;45
216;13
139;68
236;27
161;29
42;33
176;33
236;213
135;13
171;32
68;64
283;31
176;106
283;49
290;63
234;97
64;49
283;94
212;149
194;17
235;32
17;8
169;24
214;29
236;20
191;39
232;42
92;64
44;13
49;37
106;31
31;27
243;44
101;91
162;94
81;43
240;94
196;5
238;9
106;81
139;83
246;30
112;42
37;10
79;11
49;18
39;4
55;33
185;2
98;3
229;140
208;3
114;16
257;18
229;226
132;77
73;32
125;44
106;68
160;21
200;19
194;27
75;44
268;26
257;13
94;54
83;29
135;129
101;82
39;9
76;12
161;7
163;162
218;149
106;79
216;214
206;3
149;29
214;24
191;33
94;16
37;24
275;17
195;135
167;60
42;16
137;16
220;44
114;76
270;112
194;39
197;81
118;65
232;82
104;83
248;83
213;88
27;6
193;81
136;32
106;36
210;23
86;59
285;249
228;167
61;59
245;54
147;47
241;33
229;49
201;135
209;99
91;26
256;248
208;65
114;6
269;188
83;63
130;96
196;19
213;79
200;8
242;51
244;115
194;78
156;39
174;51
27;17
123;58
31;12
249;140
87;34
286;70
70;36
269;181
120;21
165;37
114;78
200;24
252;47
193;42
72;17
115;23
102;39
160;49
39;18
99;31
61;49
101;9
97;12
86;42
94;58
87;63
176;44
286;94
80;77
239;150
232;185
63;62
60;31
160;153
236;82
45;39
124;79
129;110
214;183
81;33
256;60
236;31
33;22
38;12
261;176
15;3
68;39
120;64
189;120
174;148
120;60
165;38
236;69
129;42
158;54
58;55
118;73
118;16
149;40
117;16
143;24
99;78
93;56
241;44
225;44
117;17
194;67
111;8
134;112
154;3
229;27
270;223
42;1
60;20
238;42
148;56
70;27
139;107
232;118
148;73
201;33
110;78
163;120
42;9
163;39
110;33
266;79
83;48
241;3
176;135
132;3
151;29
99;42
104;28
136;85
150;99
147;143
262;17
184;73
195;153
261;134
150;33
246;17
154;110
260;243
194;182
261;87
87;83
72;47
87;31
263;21
84;58
102;65
32;27
101;98
134;105
235;39
114;60
83;51
152;6
273;23
139;102
29;19
241;32
121;104
73;71
183;19
91;64
84;13
175;42
239;176
96;77
219;94
82;77
102;84
285;33
61;12
187;97
188;75
38;18
239;56
90;84
105;60
56;29
147;101
187;44
92;3
54;37
246;144
242;236
201;13
76;20
214;190
88;17
270;167
182;21
254;42
248;62
143;73
29;6
139;36
105;49
118;56
244;76
148;140
290;158
263;60
271;99
252;43
65;26
214;48
69;40
214;84
64;18
194;96
76;56
181;135
290;149
143;21
171;37
99;82
152;135
151;45
149;77
253;13
101;65
220;16
246;42
268;42
126;120
189;13
256;29
229;85
140;39
143;3
110;32
107;54
248;33
163;44
236;130
176;43
188;87
167;88
235;149
263;52
141;58
70;18
115;86
254;219
189;3
91;7
56;23
174;167
216;71
47;30
80;16
134;78
117;60
216;27
27;14
85;19
250;17
60;11
83;3
123;106
113;3
144;18
158;58
115;76
91;37
265;13
143;89
245;236
176;21
195;49
104;71
214;114
116;79
214;8
223;49
134;5
82;32
11;3
19;3
214;49
285;32
232;162
78;49
49;6
96;21
43;23
198;58
27;12
221;84
194;143
158;37
56;32
181;149
90;29
73;70
73;36
134;37
60;43
104;84
252;150
146;79
137;64
275;106
57;29
76;27
102;68
149;84
207;39
226;60
195;85
48;42
24;18
283;242
30;21
57;23
269;36
198;65
94;47
81;16
150;13
246;33
59;47
162;106
214;70
16;6
175;11
283;13
248;16
268;251
85;82
187;42
77;29
70;44
115;114
270;96
85;30
105;94
254;79
31;7
137;134
220;94
246;110
104;40
140;74
230;94
155;115
149;53
14;3
86;65
65;32
216;149
264;29
94;13
140;49
58;21
59;33
226;162
159;60
150;96
183;3
104;12
134;86
106;83
129;78
206;85
29;8
120;27
150;117
91;85
88;21
63;37
150;51
216;85
71;33
261;6
126;39
216;65
44;38
118;83
195;76
216;30
55;39
98;94
84;81
50;3
32;29
83;77
289;44
92;22
263;18
289;3
188;117
216;79
183;134
118;31
157;17
139;30
148;60
182;70
214;150
181;96
285;118
167;140
157;30
134;58
155;43
230;135
249;183
78;27
110;39
287;97
94;31
284;44
238;49
190;97
175;16
249;3
183;32
82;26
118;106
137;13
176;129
201;58
183;94
65;21
202;42
232;195
238;60
193;109
183;110
232;149
33;11
135;63
87;12
235;204
115;24
157;51
174;84
130;34
12;7
283;43
63;60
176;81
275;248
40;26
135;33
249;23
176;27
223;187
251;16
64;37
71;63
70;11
200;165
118;70
151;79
154;83
226;149
152;43
165;162
275;44
75;42
44;27
39;33
179;79
115;72
229;208
134;21
82;17
36;25
278;27
86;32
156;26
149;76
232;107
135;82
61;47
105;64
104;73
276;120
118;24
85;15
257;148
97;32
104;48
157;3
249;97
143;15
265;72
71;24
156;54
75;23
194;110
167;49
183;31
149;23
206;66
28;18
38;16
183;116
155;39
236;188
60;9
88;65
90;27
118;58
125;3
149;13
166;114
269;13
246;206
249;56
290;34
96;11
146;84
268;56
29;9
143;141
187;3
139;52
39;23
183;70
214;195
96;9
250;84
48;29
42;6
270;9
81;58
91;58
108;62
38;20
209;64
263;106
105;47
263;46
200;114
134;60
139;79
102;49
223;6
51;33
263;37
58;1
195;157
275;242
29;5
188;106
108;7
262;21
251;85
91;83
185;163
157;155
257;183
220;29
242;23
122;39
218;96
174;38
221;76
181;27
176;79
212;5
263;176
102;97
195;107
83;21
85;48
106;10
256;94
246;135
162;96
47;5
63;13
132;94
72;48
172;73
115;58
147;32
181;3
159;44
153;97
77;32
82;68
32;19
248;94
246;165
235;29
99;36
264;60
77;17
144;71
207;97
236;42
168;79
190;155
194;159
39;13
276;42
207;42
265;65
150;72
267;79
73;45
105;99
187;182
126;67
265;114
194;188
195;18
58;54
106;42
69;3
108;64
105;104
94;15
71;69
81;37
262;32
215;18
216;24
266;43
163;16
248;84
214;27
88;58
82;40
201;60
94;64
194;43
290;182
261;91
49;42
178;65
93;24
154;45
275;65
16;9
182;63
126;10
248;45
124;84
39;2
229;3
114;48
70;13
45;33
71;51
216;42
288;21
158;48
21;18
226;51
97;66
129;43
232;84
190;85
135;25
229;48
184;79
285;171
208;32
165;33
38;26
286;19
237;39
115;97
242;27
162;3
149;51
226;36
154;1
60;48
71;44
110;76
188;78
214;162
73;31
236;153
239;3
176;115
236;106
94;78
207;33
229;72
174;135
70;47
42;17
85;17
242;33
115;70
112;87
209;106
183;83
105;42
167;47
83;11
290;268
153;64
200;54
138;29
201;42
186;3
114;81
182;79
137;11
151;146
167;78
251;29
262;94
162;29
152;13
182;129
12;6
244;120
242;64
168;44
94;71
153;106
241;236
136;44
65;13
129;18
217;176
256;39
133;79
83;47
275;184
143;39
118;79
94;68
290;98
236;84
214;137
172;37
162;12
135;36
242;18
158;23
269;140
109;59
77;21
275;182
277;60
101;85
94;62
106;39
140;51
221;117
245;38
84;7
229;60
286;263
37;22
157;33
236;83
241;76
38;27
126;31
99;18
232;117
96;37
183;48
118;32
94;89
283;40
26;3
176;32
236;126
120;24
168;3
249;38
228;97
242;167
241;43
106;85
155;24
141;6
237;208
198;70
96;76
97;37
71;58
180;45
77;37
181;38
44;39
152;60
134;118
280;39
102;85
127;85
73;17
201;150
39;25
110;79
82;29
85;24
163;84
236;155
117;92
236;174
106;11
226;216
187;105
47;6
226;194
236;34
251;39
149;148
167;16
210;139
214;34
11;7
79;42
82;21
91;75
220;84
263;56
290;92
175;43
129;15
238;96
208;23
54;44
150;42
239;26
143;118
26;6
101;68
52;42
149;69
88;51
160;3
270;120
268;257
176;72
91;12
134;6
188;40
283;106
147;144
102;17
290;33
248;13
50;27
96;49
89;47
245;92
42;24
187;139
64;33
118;76
64;60
183;63
236;157
118;7
84;38
206;44
126;79
167;44
283;80
122;42
243;84
149;146
221;21
290;29
97;6
262;45
71;70
80;28
70;60
283;176
214;44
148;82
242;38
249;185
144;143
154;33
56;28
79;20
183;49
209;162
148;28
283;140
139;106
261;33
184;39
118;82
188;85
207;181
214;11
106;13
134;87
182;20
269;158
102;59
106;78
45;21
153;134
238;39
261;18
209;13
75;16
176;167
248;44
184;92
262;14
216;5
64;63
99;13
200;94
36;27
239;70
151;84
246;106
181;115
184;162
75;24
268;139
23;22
34;25
283;150
174;120
100;79
200;96
212;42
77;63
270;79
229;39
151;85
246;56
246;104
45;34
77;51
50;24
267;42
147;60
249;17
72;38
223;5
44;26
251;6
238;149
176;13
60;47
83;18
54;23
270;44
254;91
115;44
121;106
72;65
47;29
143;72
135;81
96;87
275;92
140;88
51;42
152;65
194;167
32;17
129;87
162;38
249;24
96;6
262;58
149;65
48;40
290;69
244;185
106;58
263;140
226;221
154;80
234;85
194;56
58;22
263;117
236;87
162;5
115;10
213;65
176;147
183;150
256;32
92;71
194;70
83;73
68;23
49;12
176;94
149;81
144;28
157;32
63;24
54;3
197;104
155;25
79;50
155;21
57;44
99;72
37;6
64;27
58;29
157;108
248;130
44;33
148;45
194;26
107;3
288;17
65;60
140;30
269;58
99;79
91;42
235;3
290;165
195;123
143;64
214;32
35;29
245;97
188;7
273;138
190;33
84;47
239;181
270;97
108;65
143;139
248;58
190;171
223;33
97;42
54;16
140;68
235;115
79;13
70;23
59;1
140;99
139;37
174;106
155;63
105;63
118;37
242;184
106;5
285;167
147;17
64;42
91;60
134;44
270;181
282;79
181;175
18;11
246;229
40;17
290;79
91;41
228;139
236;163
87;23
198;64
261;77
167;82
273;3
23;19
77;14
104;101
218;79
150;85
79;12
154;88
254;195
200;5
118;9
183;159
249;241
147;106
189;118
131;13
54;34
176;96
42;18
265;83
187;181
167;102
221;184
49;28
162;70
94;85
71;6
115;85
216;32
98;86
105;33
287;77
126;114
148;47
214;181
117;21
77;60
228;58
132;72
115;51
273;73
183;163
149;16
76;37
262;106
216;174
44;42
124;58
59;43
64;13
88;6
24;23
194;118
215;139
104;77
115;94
115;8
157;27
59;27
114;71
236;45
261;29
143;38
149;60
150;112
143;40
212;44
214;194
65;63
188;71
44;11
167;43
162;99
44;28
245;47
135;65
185;85
88;32
266;73
42;23
249;187
85;47
286;99
140;9
99;45
124;94
80;3
253;94
32;9
235;129
263;73
88;9
139;98
182;112
81;79
32;12
49;33
235;88
283;17
286;134
163;29
146;37
194;165
201;30
83;16
71;65
129;101
246;79
114;13
120;57
83;5
87;33
257;24
239;94
114;36
112;79
81;72
200;73
182;96
201;83
221;137
101;36
263;84
263;70
21;11
137;115
104;88
236;143
64;7
94;5
263;32
226;64
140;94
238;162
97;64
129;70
70;65
162;69
82;43
155;114
63;6
220;65
184;72
84;83
100;42
54;42
98;68
112;29
37;32
149;31
158;44
187;72
273;101
263;252
190;44
194;102
171;84
182;147
96;17
130;44
144;51
276;188
105;3
150;39
143;51
261;34
275;21
286;33
77;58
114;77
149;106
23;16
135;27
207;135
65;33
208;106
80;51
200;84
59;54
244;17
209;139
117;97
257;58
236;183
223;84
171;167
162;19
153;76
181;98
286;76
54;17
241;16
83;42
83;80
268;16
144;85
69;45
97;69
244;77
108;94
288;94
257;49
179;64
112;97
36;18
187;84
194;79
54;27
134;129
249;150
236;94
242;42
40;18
201;39
16;3
117;51
158;33
209;43
284;79
176;29
261;200
134;115
223;43
129;21
115;6
108;97
257;17
181;32
127;94
216;181
79;5
143;43
99;58
91;24
269;23
129;31
221;183
69;32
111;39
183;16
84;80
182;139
270;16
162;16
99;47
229;51
184;13
155;8
62;39
261;44
239;194
183;138
209;112
258;114
42;21
167;5
26;16
66;14
190;87
37;33
149;71
32;7
241;183
134;23
163;77
221;3
201;85
149;92
140;79
102;42
258;143
188;147
259;135
241;143
188;69
261;26
254;94
103;85
221;42
117;106
261;48
212;33
226;77
150;48
234;118
75;58
59;39
115;99
223;143
216;148
60;32
286;190
58;24
206;45
151;21
39;38
201;188
238;29
99;94
244;29
135;67
114;18
80;72
194;123
152;47
163;143
114;80
76;71
195;21
107;77
157;76
92;49
194;73
223;18
200;49
129;91
243;37
70;33
153;58
149;87
213;140
65;59
216;87
134;85
155;23
143;29
148;135
263;184
263;51
9;7
274;65
154;36
110;21
189;92
162;149
187;107
92;15
58;38
256;117
133;65
213;181
118;49
165;112
87;37
115;77
181;155
184;115
32;10
278;10
44;24
51;26
181;17
63;9
130;94
144;44
64;48
42;15
201;23
180;115
132;6
156;42
275;181
58;27
236;30
194;184
63;45
266;27
226;84
115;13
114;39
27;26
190;162
166;54
195;156
155;94
151;97
249;42
216;97
270;150
141;92
97;90
178;29
106;91
242;112
229;13
254;33
182;45
78;54
120;82
72;6
200;29
156;73
139;99
182;7
198;84
17;12
251;58
248;43
235;94
198;60
256;44
176;17
252;77
86;49
9;3
111;44
223;194
182;51
137;73
13;12
65;34
139;69
148;21
78;34
176;101
246;115
236;43
250;44
135;68
44;3
162;9
248;216
270;242
97;68
182;33
163;135
112;96
285;140
193;32
143;32
167;92
133;114
239;42
249;87
285;39
107;27
82;19
27;21
70;37
79;3
106;69
58;30
236;73
249;155
185;139
94;48
39;16
51;27
229;97
129;56
207;26
110;6
181;54
167;79
216;17
210;9
241;58
256;92
82;81
58;49
245;13
104;30
121;33
56;10
223;87
238;24
249;27
37;18
148;92
73;29
124;44
155;78
253;42
182;174
33;3
236;159
110;13
64;30
286;96
262;43
139;76
195;148
88;84
135;87
47;26
135;21
196;183
258;29
262;183
135;39
210;79
242;92
235;12
140;47
254;96
153;115
214;210
134;99
246;91
185;17
118;17
44;20
183;89
154;28
102;24
88;27
150;38
192;42
181;26
226;143
201;96
26;5
137;32
99;37
259;97
99;87
254;194
167;18
202;21
183;176
182;18
250;3
167;110
286;44
261;188
24;19
270;261
159;18
134;29
269;39
36;33
181;163
182;42
96;27
275;33
82;31
118;85
167;65
181;72
248;81
165;92
261;43
266;60
185;72
126;97
120;16
150;54
34;24
126;29
89;84
200;147
210;32
137;44
123;97
81;54
187;110
183;6
54;26
174;104
65;29
157;39
263;149
260;79
236;198
101;43
74;32
275;24
45;18
262;85
143;18
197;176
230;160
261;39
118;115
137;27
239;135
226;91
182;10
239;197
81;28
113;32
249;78
221;60
182;32
27;5
256;85
195;190
217;45
194;59
99;33
167;69
180;79
256;106
105;44
96;94
79;38
68;13
110;44
248;24
149;12
104;33
170;135
94;50
263;65
78;16
70;10
94;52
194;60
64;50
194;91
71;21
146;135
200;85
105;70
197;58
156;118
142;32
241;106
29;18
201;94
96;91
226;187
81;65
200;99
283;270
34;33
148;39
153;85
33;12
151;65
194;37
84;78
167;10
188;150
165;58
94;65
287;149
270;60
150;37
65;45
259;72
190;76
187;115
148;71
147;27
45;3
150;34
85;78
174;43
187;38
249;110
44;9
109;44
202;79
269;82
58;36
40;30
121;47
236;149
283;275
90;81
84;73
96;72
214;176
286;39
290;189
223;176
115;39
169;16
135;3
153;32
58;42
134;27
259;83
101;3
149;21
216;162
149;38
128;44
81;26
154;37
216;189
195;33
183;148
269;114
239;162
79;35
239;30
243;114
275;97
229;155
217;3
89;37
223;81
216;36
144;118
162;58
259;188
90;72
275;262
135;17
160;115
37;16
174;81
277;115
21;17
114;43
232;94
105;45
232;39
218;33
97;47
87;48
96;88
278;42
68;58
275;26
183;12
283;51
286;60
146;70
92;89
188;159
115;63
290;48
87;64
88;26
183;28
162;7
196;162
120;96
83;36
69;48
184;63
184;140
149;143
38;14
236;222
90;65
165;115
139;78
78;21
147;43
31;10
140;23
119;39
176;65
99;64
134;72
94;24
149;19
76;45
279;79
149;104
182;83
180;94
72;42
214;126
54;40
138;65
204;18
144;33
174;5
246;20
288;91
251;30
158;105
110;96
96;18
126;65
226;134
216;60
76;36
118;78
114;95
99;85
120;99
139;88
112;34
155;144
118;66
220;31
56;21
221;200
171;39
229;105
132;42
79;56
105;80
91;65
106;12
99;52
112;33
60;46
195;102
120;45
36;5
173;44
144;42
151;39
263;43
160;84
64;16
44;14
195;59
194;7
81;48
122;70
35;9
262;34
244;45
92;87
87;29
144;16
110;94
130;58
140;52
34;18
235;49
32;3
194;152
96;7
156;79
149;139
88;48
147;56
61;39
139;3
163;58
156;135
126;3
271;44
183;140
214;31
260;124
97;76
252;181
185;43
167;96
216;56
185;13
242;36
88;71
286;246
151;90
112;77
214;97
134;69
150;12
187;47
79;2
157;69
114;28
135;114
155;9
94;79
129;7
275;71
37;26
270;214
174;54
120;8
139;45
91;88
41;21
140;82
147;28
140;32
148;64
83;6
97;14
162;21
249;83
52;13
255;85
135;60
117;45
208;37
107;58
110;30
31;3
271;115
275;150
200;34
290;194
244;160
275;137
182;152
273;42
176;58
126;11
210;183
85;9
79;29
242;209
229;77
92;23
131;98
17;15
154;72
183;18
115;26
137;28
217;44
259;242
183;108
228;188
143;31
162;134
287;42
120;13
123;60
256;34
161;65
162;79
182;115
49;10
6;1
261;135
232;33
184;23
198;120
257;176
286;249
137;39
188;9
188;18
39;14
286;24
68;37
188;181
40;33
141;39
182;39
32;28
235;60
216;33
105;72
229;58
91;8
143;49
214;16
155;29
64;24
51;23
152;39
139;21
76;54
140;120
101;31
248;144
91;17
198;42
246;88
219;42
114;92
148;43
122;86
90;32
68;56
20;6
220;194
226;40
290;114
94;43
159;34
146;65
140;81
124;12
190;157
143;76
89;13
83;67
135;72
194;148
157;23
217;159
135;96
38;15
51;48
222;160
275;155
76;64
198;77
148;139
112;60
185;112
245;18
209;3
139;27
72;49
234;120
149;22
181;44
194;82
265;243
70;19
21;16
236;77
275;45
116;82
270;216
51;43
185;76
112;26
70;31
92;84
236;226
99;43
77;36
140;38
283;82
271;23
189;56
275;239
169;9
143;26
290;77
188;137
285;90
52;21
216;115
149;107
154;61
167;97
47;13
107;47
183;21
270;32
176;40
88;23
269;65
99;30
198;118
273;83
230;190
87;85
270;99
144;60
232;104
129;48
162;52
249;135
83;65
132;79
162;153
240;149
148;33
223;89
208;139
96;82
171;162
176;42
88;13
286;91
229;182
270;3
106;51
265;42
138;42
290;176
63;38
209;94
264;45
144;76
176;25
188;28
194;12
185;33
158;76
235;24
195;12
239;39
209;32
242;78
248;221
188;155
138;39
26;7
143;117
245;44
33;6
185;31
78;26
167;71
236;232
226;56
222;84
63;5
236;9
183;78
91;50
149;26
251;37
168;159
246;21
278;44
167;77
114;31
82;18
39;28
139;40
84;55
150;147
153;17
196;79
248;85
226;29
92;65
242;194
277;245
43;42
63;36
238;210
242;114
69;59
190;49
92;6
150;89
249;51
143;42
134;32
223;72
24;13
118;55
275;188
212;29
29;20
275;32
95;12
73;65
42;11
45;36
229;82
111;94
92;31
222;16
85;28
155;104
206;149
23;9
85;3
134;83
57;3
71;16
114;12
214;163
85;71
134;106
246;139
190;42
114;79
146;56
181;174
188;176
246;58
238;32
150;144
114;34
259;181
249;72
99;71
186;181
75;57
106;37
108;33
176;139
107;37
197;29
236;146
161;12
120;114
79;78
149;96
84;68
121;85
149;114
130;81
97;27
216;143
106;33
251;42
91;32
201;73
187;176
19;9
92;57
150;21
73;58
254;167
230;79
229;80
76;60
33;24
114;3
204;44
61;5
192;79
242;115
232;92
106;21
138;32
83;64
275;82
44;15
58;31
181;79
188;96
207;94
282;39
181;36
68;27
111;6
84;75
209;23
115;37
216;201
140;43
107;43
44;30
155;120
162;81
156;85
16;7
235;79
257;29
137;58
65;10
248;38
265;76
134;52
97;51
88;42
89;79
104;9
84;24
72;5
163;94
81;10
283;60
58;45
258;16
252;73
163;91
69;15
44;31
135;107
166;3
230;115
94;23
188;44
36;29
141;70
69;56
80;54
71;13
176;26
194;171
143;58
134;73
262;56
200;58
248;236
202;3
141;79
229;47
197;92
71;30
81;32
287;39
148;114
143;23
195;15
275;83
174;76
285;85
130;32
275;49
19;8
234;32
162;2
81;73
79;36
39;12
94;75
152;70
166;70
181;91
29;11
139;64
97;29
167;91
149;37
71;42
232;76
187;77
167;104
246;49
85;65
236;118
101;84
139;114
39;36
26;21
126;91
114;64
262;39
79;31
187;79
40;27
246;45
112;55
201;175
105;87
257;239
184;137
139;86
82;23
195;188
183;9
220;183
102;70
217;60
104;18
188;49
111;91
242;83
194;181
85;18
150;80
183;5
143;81
91;82
181;144
65;46
49;11
175;73
183;60
110;71
149;132
94;1
270;58
33;13
115;84
34;32
94;76
87;27
209;20
208;31
48;44
188;94
179;43
174;158
90;21
146;118
58;6
188;157
97;38
136;114
90;71
178;3
192;99
87;56
232;194
79;33
181;126
243;149
96;83
174;10
245;36
269;77
230;42
163;85
167;135
236;6
42;41
140;114
56;27
243;124
34;3
78;23
135;30
244;8
263;72
33;16
151;58
149;133
212;106
83;55
238;16
72;30
275;64
213;162
148;58
65;38
90;59
176;10
210;39
117;44
169;79
275;85
181;104
221;23
236;46
16;5
275;31
118;105
204;42
129;24
87;45
189;181
147;42
90;39
51;9
131;65
138;114
244;58
200;32
155;134
238;183
159;84
155;64
187;89
36;3
198;105
64;6
118;92
194;187
270;31
148;85
178;12
81;53
144;64
79;54
269;29
179;120
252;27
91;87
66;42
248;79
230;92
78;56
147;65
265;79
118;60
243;13
58;12
85;12
48;26
78;12
229;23
246;214
287;33
81;3
147;54
117;84
97;36
96;84
92;40
275;143
107;5
257;65
152;72
155;135
12;3
149;24
182;59
275;27
160;60
140;27
159;112
209;135
78;47
25;21
214;58
216;182
117;83
235;162
166;26
265;51
118;42
239;44
157;18
82;16
183;120
239;13
118;43
261;72
290;101
194;175
79;58
83;71
64;23
270;29
246;18
210;33
147;87
47;42
102;13
283;37
51;6
214;79
38;3
139;34
195;13
96;44
283;3
195;32
232;87
137;92
208;84
124;120
60;56
149;70
37;23
241;84
96;39
214;65
209;33
138;85
98;79
129;85
76;34
235;33
232;114
258;56
194;139
212;84
214;82
121;120
76;6
29;28
114;45
51;3
143;27
157;56
118;14
81;42
261;115
80;79
232;29
229;114
261;140
159;3
45;15
139;26
229;28
94;44
110;83
228;94
142;42
130;65
290;106
239;139
221;39
187;18
283;104
155;16
223;79
143;101
163;118
197;48
72;18
232;181
87;36
287;79
245;3
226;23
194;5
112;20
114;67
174;3
37;15
155;97
100;58
215;42
107;92
76;32
68;51
194;44
81;45
83;34
84;12
207;157
201;65
88;64
105;27
169;91
225;92
187;76
139;70
99;44
182;11
178;58
244;3
158;39
106;72
188;58
42;14
81;77
189;84
229;44
146;47
77;44
285;44
155;30
249;229
153;92
181;102
249;213
110;10
73;64
286;185
106;16
69;65
239;6
236;88
58;7
107;88
73;38
194;85
52;32
262;104
77;13
15;5
144;73
290;27
83;20
265;107
216;120
45;24
159;56
89;58
143;80
96;12
195;51
214;13
248;65
47;32
214;188
32;14
171;49
82;12
85;73
114;56
144;24
210;8
157;143
248;71
195;27
53;42
106;63
185;29
200;27
130;27
36;32
91;29
143;126
149;137
79;40
214;85
79;30
99;48
157;9
285;104
208;92
185;157
82;72
71;39
189;134
183;45
49;8
155;17
140;118
261;174
115;56
150;70
269;139
96;33
195;118
228;135
18;16
230;49
47;16
244;24
149;121
172;42
190;115
242;189
82;49
182;56
138;60
109;79
114;87
120;87
60;6
81;18
242;40
147;139
29;14
114;42
195;64
118;30
81;30
73;62
136;29
70;28
90;42
163;96
200;44
71;12
115;17
88;70
175;94
212;195
134;49
148;36
209;65
134;42
187;114
185;97
165;65
174;65
112;85
189;55
236;115
162;39
137;94
174;18
269;115
261;150
246;176
167;134
181;39
203;81
289;39
217;94
167;143
150;134
228;156
194;117
129;60
80;42
61;33
194;80
272;44
148;13
275;80
218;27
188;60
242;73
144;140
137;99
187;13
235;99
263;143
256;90
200;60
85;21
134;31
166;8
216;6
285;65
121;78
157;135
246;70
218;64
163;157
246;84
236;91
226;146
173;79
190;96
233;68
158;42
102;36
162;60
143;47
88;3
176;140
139;101
174;71
229;21
246;47
5;1
276;85
112;104
201;3
106;24
158;84
171;60
184;99
226;45
271;84
268;239
241;79
85;37
132;64
87;60
32;13
287;58
120;73
269;18
150;92
97;17
216;84
176;5
174;149
78;32
258;44
101;79
139;5
181;101
214;47
242;150
94;6
209;42
109;65
79;46
275;51
149;101
150;130
239;149
186;42
183;107
126;42
162;87
239;21
150;63
59;29
187;60
105;58
275;81
167;58
200;126
238;91
81;64
126;33
249;8
65;25
139;38
146;90
56;49
65;49
162;13
166;44
278;76
80;27
134;43
239;84
155;33
42;2
84;59
200;11
246;216
192;13
188;39
194;40
216;167
217;97
117;39
182;13
158;65
64;32
212;15
249;244
237;18
261;242
213;175
263;236
183;162
43;33
81;29
130;85
185;155
149;7
139;39
79;62
200;21
200;79
167;12
273;58
188;183
147;29
51;12
144;87
157;97
223;60
39;29
77;30
196;152
104;37
195;63
73;33
78;73
229;91
82;76
232;81
134;88
209;165
236;92
176;36
71;54
242;214
84;9
84;62
197;89
93;46
21;13
261;68
107;73
110;89
187;33
147;23
277;3
183;81
94;67
216;26
110;29
58;48
70;52
162;120
163;42
65;7
117;70
114;49
101;81
107;89
56;37
114;84
187;32
229;16
216;101
104;44
80;65
236;148
82;65
83;79
220;23
55;18
242;79
99;38
143;70
200;137
183;112
283;11
195;10
134;59
195;3
97;70
197;51
112;32
107;6
150;149
124;99
257;91
122;51
290;51
75;7
28;26
37;17
39;32
270;148
105;17
110;65
106;82
167;115
97;9
165;32
242;34
167;72
269;42
121;56
285;149
137;24
42;29
91;39
277;38
214;101
181;87
188;54
89;32
114;55
278;78
263;121
275;42
49;36
228;23
102;33
78;29
262;33
290;15
159;39
190;58
140;24
98;29
171;12
143;9
58;37
105;21
261;82
92;36
140;12
110;3
82;73
168;42
236;156
190;30
226;6
48;32
159;29
41;24
236;65
65;52
242;94
165;3
163;65
242;59
29;24
84;20
226;106
236;139
290;135
214;134
100;44
94;63
106;76
112;72
69;27
21;14
271;60
158;73
73;56
87;32
219;58
39;15
240;44
261;250
64;12
176;51
216;23
214;94
248;97
82;13
101;24
236;7
165;84
154;43
290;97
51;5
226;174
87;28
182;98
184;56
60;30
262;42
286;21
39;22
94;18
246;38
181;84
199;136
211;79
97;71
120;71
261;257
137;42
91;15
174;70
58;32
290;172
109;43
160;79
140;58
263;44
135;43
70;46
260;247
143;17
96;47
194;29
183;34
183;144
262;79
198;183
216;12
94;8
91;19
88;45
78;69
92;79
135;24
73;42
149;44
289;42
194;83
156;150
92;70
70;43
103;44
149;67
241;39
181;7
197;47
140;40
96;42
218;44
70;32
232;48
261;49
188;163
84;48
218;183
52;33
121;79
99;65
221;181
129;94
51;30
70;51
216;118
72;27
209;167
97;78
201;27
217;84
226;58
45;27
76;44
10;3
275;3
253;16
137;5
257;12
225;79
17;13
143;48
24;7
43;27
150;129
153;30
32;6
143;12
94;41
253;58
261;63
103;84
167;139
115;68
284;85
76;43
238;235
244;194
150;23
65;3
184;165
223;69
241;147
169;39
118;33
144;141
183;47
200;18
89;65
94;7
117;65
150;69
181;147
278;3
236;5
286;29
170;3
54;32
242;60
241;104
97;82
92;26
105;89
129;58
151;114
245;15
153;135
236;110
257;16
162;84
188;32
138;78
283;85
185;160
276;91
90;73
179;60
70;15
47;33
149;58
104;42
144;34
87;10
70;26
220;60
150;56
83;39
129;3
114;51
275;263
140;104
226;151
247;3
87;38
183;68
283;39
259;114
139;46
169;163
260;42
99;17
251;56
150;27
120;118
139;97
249;32
249;94
235;183
53;39
223;97
225;32
37;13
167;94
185;42
188;165
188;182
246;39
39;34
178;76
96;36
135;54
290;104
167;30
161;58
124;81
201;88
149;30
263;183
92;59
120;77
104;32
290;263
200;181
101;32
73;49
195;137
140;101
144;77
181;139
265;81
60;3
67;44
229;65
81;6
21;3
147;135
48;39
257;6
181;90
189;37
221;85
268;58
44;12
58;9
187;29
163;114
71;43
248;106
49;24
159;77
199;64
33;5
221;135
268;84
188;16
200;65
118;27
89;21
196;85
183;38
195;183
185;37
70;61
249;98
78;39
209;72
248;37
78;77
45;37
146;3
84;52
135;78
42;32
78;17
91;57
117;32
242;200
216;92
30;1
149;54
51;44
33;7
209;21
38;37
131;44
68;48
88;5
239;49
99;69
114;85
129;16
44;19
118;101
252;3
185;45
76;3
241;85
48;36
201;44
79;6
86;33
194;65
222;24
199;44
262;78
112;69
160;58
236;142
213;33
84;36
137;126
95;3
181;12
43;5
181;69
60;44
181;11
245;81
114;54
261;182
128;3
27;24
246;73
51;49
85;55
154;150
114;83
121;118
148;6
199;42
43;34
112;44
286;42
223;47
72;56
84;69
156;94
245;16
185;75
185;106
246;154
181;13
275;79
182;149
84;10
65;37
143;99
115;42
242;86
115;21
18;6
149;97
121;97
223;167
57;24
229;147
114;23
219;80
226;110
229;154
144;37
18;17
31;29
43;40
184;65
167;73
143;112
87;84
150;45
135;101
63;16
83;44
31;8
123;42
194;72
154;60
56;26
167;89
195;185
249;236
290;88
162;6
79;76
266;84
263;97
199;56
242;13
259;18
244;81
167;76
219;37
251;3
124;32
236;49
68;10
188;56
29;17
157;77
143;54
189;114
59;21
28;27
248;76
144;117
91;56
216;20
143;102
63;51
194;28
189;171
49;20
162;20
124;115
190;134
261;201
29;3
106;47
42;25
92;5
188;84
200;91
174;29
194;6
82;42
223;85
139;42
232;176
89;83
100;3
104;49
45;12
167;150
108;13
236;99
107;40
214;77
112;23
221;155
188;99
232;24
226;85
150;26
195;43
215;39
182;97
101;21
133;42
249;171
138;44
117;54
88;8
184;155
122;49
80;44
239;85
233;44
287;26
183;126
201;56
110;34
149;1
154;79
242;82
132;65
158;140
70;63
121;23
176;137
149;56
248;194
105;12
163;76
238;58
126;94
214;96
154;42
81;40
107;72
200;82
213;16
60;42
165;158
94;81
84;3
176;71
254;106
201;162
290;184
245;84
216;72
150;58
236;39
147;5
144;97
244;85
135;37
195;58
141;37
149;82
216;96
261;114
263;13
236;97
176;23
168;149
190;135
70;30
187;30
118;19
197;13
165;79
120;58
55;29
283;84
79;34
184;143
216;49
155;153
159;43
210;29
115;3
183;43
94;21
246;97
182;118
58;10
181;16
46;32
219;79
263;248
126;64
14;12
262;40
97;24
263;11
261;12
244;79
214;143
32;21
76;17
175;79
225;42
148;3
125;79
150;82
42;34
223;13
72;28
170;42
162;73
169;60
91;72
107;29
184;183
262;11
49;40
183;62
140;37
269;226
201;106
42;3
120;84
70;6
117;49
81;69
104;70
87;51
42;10
101;29
208;44
90;70
85;81
167;27
203;79
158;17
30;28
244;9
183;55
150;65
56;6
77;72
146;64
242;99
122;60
220;106
85;23
43;17
95;42
108;87
187;69
61;42
188;97
118;23
241;42
107;94
290;96
92;42
249;21
158;64
132;48
249;181
59;17
151;3
246;82
261;83
140;96
64;9
249;115
252;101
214;6
214;9
102;30
72;32
162;32
103;79
181;167
66;21
157;91
135;91
125;42
55;3
152;97
187;143
220;58
134;70
106;104
236;216
257;79
195;82
87;19
165;49
97;86
181;24
144;23
97;45
175;104
99;90
99;63
159;32
283;23
270;91
82;63
164;84
83;40
85;64
195;78
29;16
74;3
79;71
236;71
266;150
268;70
281;3
102;58
273;84
69;51
51;40
212;56
220;92
130;60
250;33
148;54
155;34
120;29
261;60
152;79
94;33
80;5
188;77
155;49
42;4
78;10
190;65
144;91
78;30
194;151
79;60
190;79
253;184
184;12
88;87
194;32
106;7
85;51
96;58
182;47
13;9
111;32
187;40
165;13
79;10
43;26
155;36
77;27
49;16
139;92
126;25
146;58
107;33
229;26
214;3
190;99
200;97
105;30
97;34
73;30
154;139
32;23
273;79
65;64
84;72
174;36
196;39
42;39
75;39
99;60
181;171
219;195
144;79
190;167
138;63
283;236
24;3
214;60
216;3
120;7
273;60
114;86
52;3
210;135
290;102
223;183
83;60
210;84
167;23
79;9
64;44
176;16
236;185
83;59
60;18
73;7
257;105
149;79
235;118
184;27
89;72
139;134
43;16
290;37
162;24
32;8
191;48
59;5
268;44
262;84
65;43
84;22
65;56
182;153
94;12
43;37
104;58
12;1
249;76
226;5
69;21
59;48
32;24
106;3
261;162
173;85
201;49
188;72
152;150
257;9
200;37
107;39
87;24
245;21
185;60
135;118
209;184
231;42
238;94
290;26
107;51
242;97
160;92
85;44
140;16
120;54
249;149
167;42
163;64
161;79
184;134
70;48
23;3
143;92
137;114
149;134
72;51
135;70
183;56
214;120
135;64
58;23
106;75
84;71
140;77
290;64
62;42
85;76
85;84
269;183
188;81
82;51
188;108
226;39
92;88
134;104
56;46
238;79
249;221
161;16
154;39
236;24
262;60
175;105
139;43
157;24
248;87
213;6
96;16
152;27
171;29
224;165
245;56
263;63
243;58
216;39
220;39
243;39
209;114
265;73
197;21
150;106
148;5
143;134
176;6
140;56
29;15
97;19
110;104
206;42
183;157
209;5
97;79
105;37
255;79
72;69
175;7
134;13
183;26
135;40
209;17
248;143
250;137
238;169
126;69
24;16
197;18
43;31
97;72
162;44
140;83
150;81
134;36
289;45
156;97
41;23
262;76
69;38
182;43
121;44
96;54
106;92
150;5
104;43
47;45
197;30
81;78
146;21
290;85
18;10
69;13
210;24
174;83
137;135
182;176
120;23
216;34
210;55
259;81
94;86
214;167
130;39
261;94
115;81
183;65
145;42
87;13
181;43
114;112
245;195
265;78
84;30
229;84
246;215
147;83
174;32
235;167
85;63
118;22
167;85
88;79
127;42
135;76
104;99
117;33
155;56
258;129
202;85
234;42
150;143
216;18
249;194
240;51
71;31
79;66
103;39
213;94
34;12
111;3
83;26
247;29
217;91
72;40
163;148
78;9
26;18
91;30
89;40
83;56
175;60
223;188
212;32
155;31
250;149
120;63
135;5
195;187
265;43
283;239
67;42
190;21
68;31
134;81
182;27
181;60
149;120
135;4
118;99
261;148
216;94
261;84
149;32
87;59
112;49
134;68
246;48
259;133
245;37
197;143
195;30
48;30
158;3
185;87
290;60
174;114
236;12
44;2
162;152
118;108
84;23
150;28
213;82
55;32
134;71
216;54
239;115
285;70
120;97
187;39
150;16
43;36
130;29
261;70
183;72
188;37
147;141
150;6
139;63
158;71
92;69
135;20
210;49
148;94
275;29
110;42
124;97
70;56
104;89
226;118
158;27
198;33
60;45
196;49
184;106
49;39
143;120
84;64
120;37
155;110
263;59
215;174
181;176
249;16
287;226
120;36
97;23
261;17
117;42
174;48
40;13
154;85
176;76
248;78
216;51
84;26
88;18
209;29
200;133
266;33
80;12
135;56
159;40
219;92
176;28
130;42
196;167
84;28
101;39
187;51
106;27
110;88
165;42
135;44
88;44
106;32
167;51
212;10
245;32
150;140
208;76
214;200
81;13
261;54
83;12
184;151
246;52
130;30
60;58
198;44
73;37
79;67
70;17
58;40
265;21
202;44
155;37
138;55
254;60
55;13
215;30
232;97
37;31
76;48
81;59
175;27
61;1
114;96
60;15
216;70
130;3
184;60
136;83
97;67
88;40
139;105
188;10
167;155
68;43
223;135
79;45
87;21
197;44
80;30
55;44
262;155
149;115
76;70
112;105
79;23
154;92
135;106
25;4
113;42
241;118
82;39
48;43
219;28
86;29
244;91
60;5
243;72
143;88
175;88
115;54
118;45
254;12
198;149
73;16
101;94
183;143
137;29
243;60
256;216
263;146
100;97
110;82
97;88
246;65
118;111
188;162
103;24
179;32
135;77
101;78
138;36
44;17
246;37
160;39
182;135
88;49
286;3
134;64
68;65
184;149
164;27
81;49
139;32
216;55
217;42
212;6
229;6
124;39
85;56
110;107
112;65
209;137
126;17
184;33
217;79
92;11
34;6
176;54
105;51
185;120
194;23
62;3
237;33
37;34
121;58
123;64
224;42
97;43
185;39
242;101
92;81
97;63
270;80
157;92
188;27
186;44
134;79
146;17
226;167
134;76
118;77
184;120
216;38
167;63
188;68
59;42
135;69
270;135
265;92
114;104
37;3
44;10
248;104
143;82
92;85
117;105
112;58
99;84
87;70
185;7
149;88
200;101
263;262
105;81
132;76
88;63
96;3
289;85
84;70
95;66
229;141
144;36
28;3
277;42
148;23
150;148
149;3
152;54
256;21
54;30
104;26
152;3
190;24
140;73
249;162
262;54
212;60
176;118
163;81
195;97
96;64
81;31
246;27
272;79
120;3
120;33
127;49
149;5
247;79
158;114
26;8
196;139
73;44
96;70
184;18
100;81
167;114
213;70
183;44
44;5
77;23
174;44
105;13
290;13
236;201
102;101
97;89
77;64
210;19
188;43
182;31
163;115
101;64
242;96
235;198
104;21
275;120
34;31
145;91
190;94
56;36
167;36
45;10
106;56
201;77
143;114
159;9
171;33
259;3
275;86
49;27
103;94
88;16
189;47
139;118
176;3
72;60
234;21
189;70
118;29
182;37
194;137
245;6
141;29
229;79
32;30
86;44
165;73
270;42
241;94
283;78
57;42
216;183
187;5
232;65
237;183
174;58
92;58
244;223
79;52
120;92
248;27
232;21
167;149
33;17
252;139
150;105
79;8
256;56
283;91
59;26
174;72
236;114
78;51
234;34
52;39
42;12
102;54
198;32
285;58
9;8
85;75
228;76
92;68
213;104
222;79
159;81
79;70
279;44
194;15
71;29
76;58
66;44
246;44
42;28
137;3
86;79
109;84
47;39
75;31
92;48
110;43
243;79
248;3
229;107
96;65
185;118
216;140
241;135
124;100
276;3
214;148
273;245
163;18
195;40
89;70
42;5
221;126
60;23
13;5
73;13
193;29
261;51
71;23
104;55
242;90
143;110
241;195
37;29
138;34
6;3
87;73
204;79
214;118
104;5
77;42
206;7
76;29
242;134
83;72
245;106
69;29
104;92
235;18
182;73
60;24
82;24
265;39
194;90
214;130
109;54
79;7
52;44
224;38
283;44
110;27
290;73
243;70
236;37
135;84
40;15
146;114
188;115
289;167
65;55
229;15
78;3
94;30
139;16
228;16
189;73
235;65
249;18
147;114
135;134
98;44
157;64
176;34
263;38
89;6
107;64
58;2
239;60
135;28
115;18
107;70
181;137
283;7
210;44
261;45
101;34
35;24
232;115
84;34
262;51
223;39
209;49
133;3
181;112
200;176
137;23
15;9
106;49
42;36
76;13
167;32
236;32
144;58
139;33
158;68
147;16
135;23
67;39
97;26
84;40
101;42
254;214
218;214
73;6
141;114
81;19
155;65
139;96
290;143
263;24
149;72
236;63
103;65
256;79
226;184
249;195
240;70
235;96
246;32
78;44
106;64
181;106
83;10
64;58
251;18
120;78
60;49
71;68
188;134
94;57
149;55
92;78
181;82
178;79
79;16
200;17
58;34
144;120
87;26
45;43
216;43
280;3
196;44
58;44
150;73
166;27
107;105
115;15
200;9
157;84
156;114
143;59
144;94
54;1
248;187
239;27
150;132
156;32
56;44
273;44
90;44
214;19
87;8
197;79
286;6
248;42
181;45
214;139
229;110
135;45
229;220
184;83
71;28
45;26
105;85
51;45
275;270
143;105
110;85
263;42
32;31
135;49
88;37
195;79
283;262
259;79
159;94
182;81
242;49
285;42
52;29
188;45
184;97
140;78
154;71
76;42
78;43
182;76
232;3
183;24
92;32
187;28
106;101
265;68
118;94
288;16
97;84
79;73
286;9
87;58
263;105
101;33
152;85
57;32
228;208
152;73
81;70
98;58
194;134
59;3
185;99
159;143
174;42
210;134
154;47
160;13
201;5
79;48
181;81
109;32
99;91
263;92
94;84
214;7
113;84
68;8
23;10
141;122
239;182
85;33
174;97
201;16
84;79
182;17
254;118
44;6
115;107
214;17
88;39
276;7
32;26
242;70
236;79
39;26
33;28
290;21
250;94
77;3
249;9
65;47
141;32
273;63
179;42
263;27
261;139
118;71
290;47
83;31
88;29
249;58
150;49
139;49
137;97
270;39
84;16
70;3
195;89
182;29
102;44
149;18
162;160
225;37
85;69
275;236
30;26
216;150
269;60
55;48
190;165
182;140
170;44
135;47
150;107
223;78
212;63
236;150
216;15
174;134
120;40
157;79
187;49
143;96
244;135
290;65
139;56
167;70
83;81
140;70
262;105
114;69
183;132
189;9
183;91
229;76
261;65
244;143
162;150
213;97
167;31
257;120
48;47
249;81
73;52
268;32
83;17
144;27
49;47
134;91
68;54
108;3
264;54
51;17
143;115
56;17
257;32
229;70
176;148
99;96
63;12
197;84
273;29
38;29
109;42
84;27
58;43
217;39
77;55
75;32
39;8
47;40
46;43
262;90
201;28
214;21
45;16
69;39
120;79
194;105
99;5
263;137
20;3
219;159
56;30
201;149
251;79
199;3
92;73
85;45
216;185
96;29
81;36
198;63
195;96
261;32
64;8
126;78
239;83
201;6
220;70
131;97
65;9
132;44
92;34
58;47
201;37
135;126
118;96
118;3
194;126
73;26
99;70
216;63
92;60
269;17
214;83
194;34
128;42
141;49
85;42
286;115
239;29
69;9
286;73
262;29
137;12
242;118
33;15
283;185
79;49
284;22
101;49
283;33
87;40
226;43
99;77
118;26
72;44
134;30
196;3
123;33
170;39
85;52
115;16
174;21
43;15
160;91
117;3
149;39
188;6
235;135
197;187
228;42
234;44
187;43
275;176
182;114
105;43
249;13
65;17
144;72
137;79
106;105
242;183
101;71
85;83
115;30
249;45
72;54
188;174
90;13
232;51
162;72
110;63
198;94
244;16
92;77
226;26
115;49
137;17
34;13
248;60
105;36
175;64
176;98
258;189
37;30
167;162
108;60
283;65
58;26
163;21
242;155
275;60
123;39
81;76
78;31
208;58
13;2
221;81
94;40
248;52
74;36
135;115
23;21
214;106
67;32
148;49
134;16
115;27
181;97
51;31
262;114
106;99
194;176
248;195
246;64
194;11
44;18
160;42
221;176
282;58
197;49
96;43
47;37
129;32
226;99
99;3
117;13
200;106
176;64
244;60
254;39
173;42
149;48
169;3
265;240
270;65
228;79
156;36
188;24
266;44
167;148
181;152
64;15
162;33
107;84
150;109
209;118
201;148
105;6
45;29
283;200
84;31
76;73
155;3
206;16
65;27
114;27
109;39
249;79
3;2
200;167
242;44
140;33
185;3
96;24
269;44
264;65
50;19
195;143
148;16
263;94
130;43
94;32
91;49
86;3
265;117
236;135
99;88
262;37
182;130
23;17
47;44
249;99
194;106
244;21
112;36
194;125
194;97
229;143
120;56
182;3
236;70
103;30
114;44
269;84
129;33
99;54
275;58
160;44
188;167
244;32
246;223
286;87
232;71
232;15
140;36
246;77
36;23
68;42
61;32
252;102
27;3
85;8
275;84
144;38
194;150
209;44
251;92
182;49
183;152
261;81
209;144
175;91
236;104
155;76
115;43
209;97
34;14
84;77
97;44
104;81
70;21
101;70
213;44
80;49
96;23
122;29
77;73
82;79
63;3
256;252
216;29
105;40
188;114
184;112
167;160
235;44
183;155
157;49
124;68
129;44
226;16
263;167
174;23
181;165
209;195
194;64
118;91
84;45
83;70
185;92
55;16
239;79
261;99
149;129
249;65
287;107
48;5
232;85
60;17
40;39
33;18
162;105
245;42
73;3
189;27
96;5
206;60
143;33
148;48
226;79
65;18
49;38
72;16
185;55
104;64
290;105
167;83
229;148
123;23
128;58
87;72
135;9
167;101
256;83
143;137
75;49
245;101
99;1
156;58
200;39
268;65
181;42
97;56
236;55
184;118
120;14
239;33
155;126
195;39
194;63
89;42
98;81
139;72
184;20
220;208
89;51
186;79
112;111
246;66
118;34
201;79
99;39
159;45
219;3
152;33
150;17
290;236
105;55
33;26
114;82
189;65
213;3
189;99
188;158
73;63
78;60
103;32
181;49
185;30
195;87
91;18
89;44
120;76
200;83
118;48
82;27
238;88
97;18
232;216
176;38
162;28
83;43
140;31
65;48
37;12
29;1
140;3
31;24
149;27
223;197
37;1
16;15
235;200
108;82
263;39
76;5
195;29
118;81
194;38
92;13
236;60
139;110
197;3
154;5
46;39
275;149
149;9
254;49
285;55
263;78
37;28
249;70
216;44
259;65
198;3
64;56
112;99
148;29
194;84
154;49
85;72
139;115
162;8
148;59
80;58
13;10
93;39
18;13
245;71
290;32
181;70
74;68
178;70
143;10
160;85
174;17
148;76
189;43
27;13
134;84
106;29
147;44
120;17
130;31
51;47
275;9
232;37
123;21
108;12
257;70
49;7
184;58
54;28
101;87
139;10
140;139
182;38
41;16
49;43
79;18
244;65
135;12
78;25
290;42
33;30
60;10
117;94
126;99
134;96
201;132
250;39
140;26
269;85
158;79
72;3
236;58
85;59
244;44
181;67
209;149
221;56
181;120
188;144
154;149
239;130
216;91
195;60
249;49
124;72
290;280
143;28
135;32
226;139
194;36
77;10
239;167
53;26
51;38
94;91
73;5
175;21
195;106
140;107
226;98
271;134
94;55
94;10
34;10
40;16
269;32
235;83
49;2
80;37
176;97
150;71
244;149
250;184
135;6
167;103
58;16
137;83
196;16
73;39
207;155
180;58
232;32
91;73
229;139
79;63
252;94
24;8
183;64
200;78
143;104
290;39
96;51
229;73
117;104
72;71
288;60
131;42
201;140
245;79
163;126
216;37
33;32
216;9
87;43
58;11
217;183
56;14
64;21
220;3
208;17
42;27
183;36
174;79
216;82
277;58
172;27
92;18
52;49
150;30
25;3
60;55
47;43
107;30
84;29
232;183
94;22
13;8
108;8
249;31
194;42
30;27
29;21
103;3
120;85
189;129
246;239
236;16
139;104
113;44
212;70
194;45
230;39
143;140
152;58
196;182
86;84
106;17
147;51
163;79
97;30
30;5
275;11
84;32
51;7
135;52
155;42
163;92
157;29
156;3
265;97
99;27
40;32
79;47
262;92
188;21
154;148
201;78
190;181
37;19
185;44
13;3
249;60
238;3
183;174
163;60
112;91
200;4
275;23
246;92
171;85
149;10
80;39
64;38
181;63
49;9
147;110
262;70
61;44
155;137
156;51
39;27
214;110
115;106
194;131
3;1
138;79
159;42
162;65
149;17
288;58
152;81
143;44
106;60
169;42
94;45
176;149
101;13
85;38
188;98
257;39
161;88
128;97
183;158
80;29
247;42
85;34
120;44
150;120
236;81
239;223
88;7
50;44
250;79
174;92
122;32
181;131
148;65
221;33
99;76
236;181
241;99
42;40
162;75
195;155
92;63
197;72
79;77
114;110
263;33
36;16
73;43
163;139
178;44
92;27
134;126
88;83
193;56
181;73
217;216
256;23
223;105
183;23
176;45
70;49
104;29
261;183
216;127
200;188
83;24
263;36
132;47
224;20
101;23
88;73
171;92
90;26
76;49
56;16
262;102
167;87
85;46
58;28
200;185
96;40
232;12
266;42
204;39
45;6
150;77
87;39
184;167
119;85
248;214
248;105
176;39
94;38
106;45
137;72
182;30
183;58
230;58
208;33
254;117
229;117
59;28
44;8
181;88
71;17
283;56
174;99
286;43
56;42
201;54
214;64
92;80
49;48
39;20
181;83
159;79
78;13
155;102
269;105
107;18
147;24
223;52
97;21
107;76
274;90
199;60
104;91
249;91
242;45
171;104
268;6
265;37
257;139
33;31
99;6
111;79
285;77
140;137
229;174
163;24
96;81
166;84
107;79
240;72
195;72
122;79
50;16
157;65
98;39
251;26
162;45
43;32
176;60
167;13
137;118
87;5
214;91
69;33
139;87
156;70
107;104
228;220
99;49
102;21
210;65
138;84
273;70
140;44
157;58
34;27
239;143
78;76
229;188
92;44
249;85
28;11
262;97
246;129
214;149
286;248
154;65
182;54
54;52
134;10
60;51
169;94
51;11
65;12
47;28
248;117
97;85
171;24
261;97
131;58
79;32
108;23
156;44
39;10
166;120
43;39
113;70
150;139
226;65
195;23
201;183
63;46
95;14
183;54
162;43
183;106
255;118
38;21
213;58
265;5
128;49
106;97
196;65
81;80
139;60
157;153
91;55
265;58
263;129
167;99
80;6
181;48
79;17
189;58
135;73
166;43
76;33
148;42
187;65
37;5
87;18
264;91
251;54
163;149
63;40
249;77
191;79
12;5
71;27
246;226
114;58
195;115
114;105
47;18
60;26
253;79
201;114
232;36
242;43
181;18
286;79
183;115
137;85
125;84
200;51
156;137
139;55
85;58
200;88
183;137
97;39
64;59
197;42
24;12
65;44
287;51
223;181
135;38
193;65
236;120
114;72
51;24
236;101
152;63
58;15
115;32
65;28
141;18
183;96
57;9
39;5
139;47
183;29
134;38
107;42
68;60
140;134
253;115
62;44
181;118
51;21
285;92
226;49
208;72
182;150
143;94
149;118
83;58
73;72
157;139
256;157
174;140
156;106
58;52
243;240
43;13
283;117
194;3
263;58
232;44
244;104
174;78
83;23
49;21
189;44
246;81
89;88
137;33
176;69
223;70
265;150
71;32
105;65
246;60
82;56
16;12
99;92
134;114
92;54
216;166
180;18
71;45
174;115
235;210
105;39
242;63
268;245
162;86
75;21
56;18
242;136
232;106
286;157
81;27
58;46
275;183
223;30
163;17
285;114
232;10
131;39
159;13
77;43
142;91
189;148
165;135
89;29
283;183
236;47
28;6
176;85
270;21
181;33
30;29
254;23
99;8
216;10
104;27
262;65
163;32
187;150
35;3
183;97
232;11
255;3
241;149
110;64
107;60
157;83
257;38
137;67
95;44
216;156
213;194
269;143
134;24
65;62
184;29
255;9
270;24
91;31
139;65
183;139
195;46
161;84
160;157
72;23
146;32
120;111
108;91
96;13
120;94
249;106
245;120
184;44
44;34
182;69
226;83
256;229
248;56
226;114
246;147
265;29
105;32
261;194
223;44
64;51
99;68
188;133
249;176
67;29
171;55
259;42
209;134
153;79
242;181
38;32
167;112
64;43
181;85
214;140
195;84
219;44
97;10
150;47
120;105
155;28
77;39
60;38
77;6
197;40
263;29
195;44
75;3
226;13
157;16
223;51
185;9
94;28
211;42
248;46
146;29
155;92
159;114
183;76
220;32
176;174
140;21
268;29
164;42
249;73
108;42
85;66
115;73
243;3
149;11
238;85
290;129
61;60
108;106
250;16
60;12
251;239
243;112
249;184
174;130
143;13
114;38
76;14
138;135
246;29
43;12
132;60
201;47
156;43
285;84
181;143
279;42
172;165
167;17
97;83
185;151
218;18
118;38
114;17
239;159
239;82
132;92
148;72
236;86
194;33
283;155
183;71
251;94
185;149
81;38
187;130
181;162
63;27
85;70
138;27
104;85
94;36
85;5
187;183
214;33
101;59
139;23
182;72
196;87
99;24
212;181
221;94
167;11
236;105
221;16
261;181
162;135
97;16
288;3
33;10
87;9
120;49
174;6
134;90
184;78
245;96
70;12
23;18
77;54
76;16
101;15
135;94
244;23
216;106
77;76
54;29
115;29
221;58
97;91
200;33
188;8
150;103
156;65
249;201
37;21
251;21
72;29
245;115
38;23
44;43
65;1
213;42
220;76
89;18
176;130
137;69
202;106
89;43
82;70
39;17
77;56
244;42
171;97
115;82
106;6
149;6
153;94
34;30
269;12
160;45
105;77
208;42
286;16
190;32
187;148
96;45
114;90
