from;to;value
42;79;3604
42;44;3260
44;79;2354
3;42;2203
39;42;1452
42;84;1279
3;79;1122
42;94;1107
3;44;1006
42;58;996
39;79;867
39;44;821
42;85;783
29;42;724
79;84;667
32;42;635
44;84;610
58;79;610
33;42;606
42;65;581
42;60;571
44;58;563
79;94;539
3;39;510
3;94;507
29;79;501
44;94;496
3;84;485
32;79;452
33;79;443
29;32;437
79;85;423
29;44;399
44;85;397
42;183;384
33;44;378
65;79;368
32;44;344
3;58;343
44;65;338
16;42;335
42;91;332
42;97;323
60;79;323
42;106;300
21;42;297
3;85;295
44;60;288
42;143;258
42;49;255
24;42;254
13;42;247
42;118;246
3;29;241
42;135;238
79;97;238
39;84;237
39;58;236
3;60;232
58;84;229
27;42;223
42;139;223
42;236;220
42;114;212
42;194;212
39;94;208
3;16;202
3;32;202
9;42;201
42;167;196
21;79;195
42;181;195
84;94;195
49;162;189
79;183;189
3;33;188
42;92;188
23;42;186
37;42;186
44;97;185
42;149;182
42;70;180
42;216;180
21;44;179
44;183;179
79;118;178
18;42;175
16;79;171
39;85;171
42;150;169
42;162;167
84;85;159
37;92;157
27;79;156
42;188;156
16;44;150
29;39;150
39;65;150
60;84;150
3;183;149
58;94;149
32;39;148
42;83;147
3;65;146
42;81;146
79;143;146
13;79;145
27;44;145
9;91;142
33;39;142
85;94;142
44;118;141
58;92;140
24;91;137
79;114;137
29;33;136
37;58;136
44;143;136
79;106;136
99;134;136
44;106;135
70;79;135
42;43;134
18;79;133
42;140;131
37;79;130
42;56;130
42;87;130
44;70;129
32;33;128
42;229;128
13;44;127
42;51;126
42;96;125
37;44;124
79;167;124
3;106;122
23;58;122
39;60;122
42;73;120
42;176;120
44;92;120
79;216;120
42;99;119
42;134;119
79;92;119
17;42;118
58;85;118
42;115;116
44;114;116
79;150;116
79;236;116
3;91;115
38;42;115
42;120;115
42;195;115
44;216;115
6;42;114
29;58;114
49;79;114
79;149;113
32;58;112
42;76;112
44;194;112
33;84;111
42;72;111
79;194;111
42;45;110
44;49;110
79;135;110
79;140;109
29;84;108
44;135;108
42;82;107
58;65;107
65;84;107
79;83;106
32;84;105
79;91;105
79;181;105
3;97;104
33;94;104
44;149;103
51;79;103
39;183;102
58;60;102
3;21;101
44;167;101
9;24;100
23;79;100
29;94;99
44;150;99
33;65;98
42;148;97
79;81;97
29;97;96
44;181;96
44;236;96
18;44;95
65;94;95
79;139;95
44;140;94
79;82;94
3;49;92
43;79;92
3;24;91
12;42;91
26;42;91
42;64;91
96;214;91
42;69;89
42;78;89
44;51;89
58;115;89
84;183;89
3;135;88
44;56;88
56;79;88
60;94;87
94;183;87
23;44;86
32;94;86
44;81;86
79;99;86
79;134;86
16;39;84
42;182;83
33;58;82
33;85;82
42;77;82
44;83;82
32;85;81
32;97;81
43;44;81
3;13;79
3;188;79
24;79;79
73;79;79
33;143;78
39;97;78
42;214;78
44;139;78
44;188;78
44;195;78
3;23;77
16;94;77
29;85;76
72;79;76
42;249;75
76;79;74
79;87;74
12;79;73
29;65;73
79;188;73
21;39;72
3;139;70
16;84;70
17;79;70
32;65;70
3;176;69
79;120;69
3;27;68
3;236;68
6;79;68
79;115;68
79;195;68
3;9;67
3;118;67
44;73;67
44;99;67
44;134;67
79;96;67
3;181;65
44;72;65
44;76;65
44;82;65
16;58;64
26;39;64
38;79;64
42;226;64
39;118;63
17;44;62
33;60;62
78;79;62
84;91;62
3;114;61
3;194;61
27;84;61
39;236;61
42;155;61
18;83;60
36;42;60
38;44;60
42;104;60
44;120;60
58;183;60
64;79;60
3;143;59
5;42;59
6;44;59
8;42;59
26;79;59
33;97;59
39;143;59
42;185;59
42;261;59
44;64;59
44;176;59
84;143;59
3;162;58
9;79;58
12;44;58
28;42;58
44;162;58
21;58;57
29;60;57
32;60;57
39;92;57
44;91;57
65;183;57
84;135;57
85;118;57
26;44;56
29;118;56
42;71;56
42;246;56
42;248;56
44;96;56
79;229;56
3;78;55
3;92;55
16;60;55
23;39;55
44;229;55
58;97;55
60;85;55
65;83;55
69;79;55
77;79;55
84;97;55
85;216;55
13;84;54
29;70;54
32;118;54
60;65;54
79;176;54
91;94;54
3;37;53
3;150;53
3;167;53
39;91;53
39;114;53
42;101;53
42;110;53
65;143;53
79;162;53
85;183;53
3;18;52
18;65;52
21;84;52
34;42;52
39;149;52
44;87;52
3;45;51
21;29;51
24;84;51
32;70;51
42;174;51
49;84;51
79;148;51
84;106;51
3;149;50
24;44;50
42;54;50
42;63;50
42;263;50
84;92;50
24;94;49
42;184;49
42;290;49
44;77;49
44;78;49
58;70;49
58;114;49
3;17;48
27;39;48
30;42;48
39;49;48
39;181;48
79;249;48
84;188;48
21;94;47
23;84;47
37;84;47
39;167;47
39;194;47
44;115;47
58;216;47
3;83;46
7;42;46
39;135;46
39;150;46
49;94;46
58;106;46
65;85;46
3;81;45
3;134;45
3;229;45
8;91;45
33;118;45
42;242;45
44;246;45
84;114;45
94;106;45
94;139;45
3;72;44
3;76;44
3;140;44
13;39;44
18;39;44
31;42;44
36;79;44
37;39;44
44;249;44
85;97;44
3;43;43
3;99;43
29;216;43
29;236;43
36;44;43
42;200;43
79;104;43
81;84;43
84;181;43
94;97;43
3;56;42
3;87;42
3;96;42
3;155;42
27;58;42
29;91;42
34;44;42
42;48;42
42;137;42
44;69;42
45;85;42
49;85;42
58;118;42
63;79;42
65;97;42
79;226;42
79;246;42
94;135;42
3;70;41
9;44;41
9;84;41
33;167;41
39;182;41
79;182;41
84;176;41
3;115;40
10;42;40
21;32;40
21;33;40
27;60;40
34;79;40
43;81;40
44;182;40
51;72;40
91;106;40
94;162;40
3;51;39
32;91;39
39;106;39
39;216;39
42;88;39
44;226;39
60;183;39
94;115;39
3;249;38
16;85;38
21;85;38
23;85;38
42;105;38
42;275;38
44;104;38
44;148;38
70;84;38
79;248;38
84;167;38
84;194;38
85;148;38
87;91;38
94;143;38
167;194;38
3;216;37
18;84;37
21;65;37
24;39;37
29;114;37
33;183;37
39;81;37
39;99;37
39;134;37
42;112;37
42;144;37
44;71;37
49;58;37
60;229;37
65;114;37
79;101;37
3;31;36
3;73;36
5;79;36
12;39;36
16;91;36
18;33;36
32;167;36
39;139;36
39;140;36
39;148;36
43;58;36
58;143;36
79;174;36
79;214;36
79;261;36
79;263;36
85;149;36
135;181;36
3;182;35
29;167;35
39;176;35
42;232;35
44;101;35
58;150;35
60;76;35
65;70;35
71;79;35
9;94;34
13;183;34
39;70;34
39;96;34
44;45;34
44;63;34
44;248;34
45;84;34
60;143;34
85;162;34
3;34;33
3;110;33
3;120;33
8;24;33
12;29;33
13;33;33
13;94;33
16;24;33
30;44;33
30;79;33
32;114;33
32;183;33
32;236;33
42;201;33
58;81;33
76;84;33
85;91;33
85;106;33
94;181;33
139;194;33
3;6;32
3;38;32
10;44;32
10;79;32
29;49;32
29;143;32
29;183;32
39;56;32
42;59;32
44;48;32
49;91;32
54;79;32
60;150;32
65;135;32
84;140;32
84;162;32
85;135;32
97;135;32
112;114;32
3;8;31
3;214;31
3;226;31
9;106;31
24;29;31
24;106;31
27;29;31
27;65;31
39;82;31
42;239;31
44;290;31
51;84;31
60;97;31
65;149;31
79;155;31
79;290;31
84;149;31
94;118;31
94;167;31
3;77;30
6;29;30
21;118;30
39;45;30
39;51;30
39;229;30
44;214;30
44;263;30
58;71;30
58;149;30
79;184;30
83;84;30
84;150;30
84;229;30
94;150;30
99;118;30
118;134;30
3;28;29
6;84;29
8;9;29
16;29;29
17;58;29
18;58;29
23;94;29
32;143;29
33;236;29
38;84;29
42;163;29
44;174;29
44;184;29
44;232;29
45;79;29
60;114;29
65;181;29
78;84;29
79;105;29
84;118;29
91;185;29
97;118;29
106;195;29
3;82;28
6;39;28
6;58;28
12;32;28
27;63;28
27;73;28
29;120;28
32;49;28
32;92;28
33;70;28
33;114;28
42;102;28
42;107;28
43;60;28
44;105;28
49;65;28
58;83;28
58;135;28
58;194;28
84;226;28
85;120;28
85;143;28
85;236;28
91;183;28
92;94;28
94;176;28
94;194;28
97;114;28
3;71;27
3;195;27
3;275;27
5;44;27
13;65;27
17;94;27
27;32;27
29;81;27
29;96;27
31;44;27
32;150;27
37;94;27
39;64;27
39;73;27
40;42;27
42;262;27
43;84;27
44;155;27
44;261;27
48;79;27
58;101;27
58;236;27
60;70;27
79;242;27
84;115;27
3;174;26
9;16;26
12;97;26
17;39;26
24;32;26
29;37;26
29;150;26
39;76;26
42;156;26
42;157;26
58;188;26
78;94;26
79;88;26
84;236;26
85;96;26
94;236;26
106;188;26
135;195;26
3;36;25
3;64;25
13;58;25
16;32;25
24;85;25
28;79;25
39;43;25
39;83;25
39;261;25
42;47;25
42;147;25
42;221;25
56;84;25
58;140;25
65;195;25
79;110;25
79;239;25
91;162;25
118;236;25
3;101;24
3;263;24
6;32;24
9;29;24
9;49;24
16;27;24
16;97;24
24;185;24
29;92;24
29;149;24
32;37;24
32;149;24
32;216;24
39;115;24
39;162;24
42;55;24
42;68;24
42;117;24
45;94;24
49;185;24
58;78;24
65;162;24
73;84;24
139;167;24
181;194;24
3;26;23
6;47;23
7;79;23
13;85;23
13;139;23
24;49;23
29;30;23
29;43;23
32;87;23
39;77;23
44;110;23
51;58;23
56;60;23
58;99;23
58;134;23
59;79;23
60;81;23
69;94;23
84;139;23
85;92;23
3;7;22
5;6;22
5;49;22
9;39;22
13;29;22
13;81;22
15;42;22
16;135;22
18;143;22
19;42;22
21;91;22
28;44;22
29;181;22
31;79;22
33;49;22
33;91;22
33;140;22
37;85;22
39;72;22
42;244;22
42;245;22
42;252;22
44;54;22
44;59;22
44;88;22
44;112;22
44;144;22
49;106;22
58;72;22
72;84;22
79;112;22
79;137;22
84;99;22
84;134;22
84;216;22
85;167;22
94;96;22
3;63;21
6;49;21
7;91;21
8;84;21
12;58;21
16;33;21
16;236;21
27;33;21
27;183;21
29;56;21
29;87;21
29;106;21
30;32;21
32;181;21
38;94;21
39;188;21
42;80;21
42;152;21
42;223;21
44;102;21
49;60;21
58;139;21
58;181;21
58;229;21
65;106;21
68;79;21
79;80;21
79;107;21
79;232;21
81;94;21
84;195;21
94;216;21
97;236;21
104;105;21
176;182;21
183;236;21
3;242;20
5;29;20
13;60;20
16;65;20
17;85;20
21;60;20
21;97;20
21;106;20
23;92;20
32;81;20
39;290;20
42;108;20
42;189;20
42;209;20
42;256;20
44;242;20
51;60;20
51;65;20
56;58;20
58;104;20
58;174;20
60;77;20
60;78;20
60;118;20
60;135;20
65;72;20
65;150;20
65;194;20
65;216;20
70;85;20
72;150;20
76;77;20
77;84;20
79;144;20
79;200;20
79;262;20
82;84;20
84;87;20
94;263;20
101;102;20
118;149;20
162;185;20
216;232;20
3;12;19
3;185;19
3;200;19
6;94;19
9;162;19
9;185;19
12;33;19
21;24;19
23;37;19
23;115;19
26;84;19
27;94;19
32;51;19
32;120;19
33;81;19
33;216;19
39;174;19
39;195;19
42;129;19
42;187;19
42;190;19
42;265;19
56;65;19
58;76;19
60;73;19
84;174;19
85;139;19
94;149;19
97;181;19
135;183;19
3;5;18
3;54;18
3;68;18
3;144;18
3;201;18
7;44;18
9;32;18
9;85;18
11;42;18
16;21;18
18;94;18
24;58;18
28;84;18
29;214;18
32;96;18
33;51;18
33;78;18
38;58;18
42;153;18
44;117;18
44;137;18
44;262;18
58;96;18
58;176;18
64;84;18
65;200;18
79;185;18
79;275;18
82;140;18
84;96;18
84;185;18
85;115;18
85;214;18
91;236;18
94;99;18
94;114;18
94;120;18
94;134;18
114;118;18
118;120;18
143;181;18
167;181;18
3;69;17
5;32;17
6;60;17
9;87;17
10;84;17
18;60;17
21;23;17
21;70;17
23;49;17
24;162;17
29;194;17
33;99;17
33;134;17
33;149;17
37;65;17
40;79;17
42;159;17
42;165;17
44;107;17
44;275;17
51;150;17
56;94;17
58;82;17
58;167;17
60;83;17
60;106;17
65;92;17
65;96;17
65;99;17
65;134;17
65;167;17
70;94;17
76;94;17
79;245;17
81;143;17
84;182;17
87;94;17
96;97;17
96;236;17
97;149;17
149;181;17
176;183;17
208;220;17
3;10;16
3;184;16
6;70;16
7;24;16
8;49;16
8;106;16
9;21;16
13;32;16
15;79;16
17;65;16
18;85;16
21;139;16
23;33;16
23;60;16
26;58;16
28;58;16
29;76;16
32;43;16
33;72;16
33;181;16
33;194;16
39;69;16
39;214;16
40;44;16
42;98;16
42;208;16
42;220;16
42;283;16
43;70;16
43;139;16
44;68;16
44;239;16
49;183;16
54;58;16
55;79;16
58;63;16
58;148;16
58;155;16
60;236;16
65;236;16
72;94;16
79;102;16
79;117;16
79;156;16
79;189;16
82;94;16
87;183;16
91;96;16
94;188;16
94;195;16
94;214;16
114;129;16
114;216;16
248;263;16
3;30;15
3;248;15
13;27;15
13;143;15
16;17;15
16;106;15
16;183;15
17;84;15
21;83;15
23;29;15
23;32;15
23;65;15
24;87;15
27;43;15
27;70;15
27;85;15
27;97;15
28;39;15
29;51;15
29;83;15
29;135;15
29;162;15
29;229;15
32;72;15
32;76;15
32;77;15
32;99;15
32;134;15
33;56;15
33;135;15
33;139;15
34;39;15
34;58;15
38;85;15
42;90;15
42;138;15
42;241;15
42;269;15
42;270;15
42;286;15
44;55;15
44;156;15
44;265;15
51;85;15
51;94;15
54;70;15
58;195;15
60;149;15
63;65;15
63;84;15
65;73;15
65;76;15
70;97;15
71;92;15
79;108;15
79;159;15
79;221;15
79;265;15
85;114;15
91;120;15
91;188;15
94;110;15
94;140;15
97;183;15
106;155;15
149;236;15
162;183;15
214;236;15
3;117;14
3;221;14
3;262;14
3;283;14
6;33;14
7;84;14
16;115;14
16;134;14
18;51;14
18;114;14
21;51;14
21;143;14
23;91;14
23;185;14
26;85;14
27;143;14
29;82;14
29;99;14
29;134;14
29;139;14
30;39;14
32;56;14
32;64;14
32;106;14
34;94;14
36;39;14
37;60;14
37;71;14
38;39;14
38;183;14
39;63;14
39;78;14
39;87;14
39;101;14
39;120;14
39;249;14
42;52;14
42;75;14
42;235;14
43;94;14
49;70;14
51;83;14
58;73;14
58;91;14
58;162;14
58;182;14
60;167;14
60;181;14
79;129;14
79;163;14
79;269;14
81;85;14
84;104;14
84;148;14
84;155;14
85;155;14
94;229;14
97;120;14
106;143;14
106;236;14
114;149;14
135;194;14
143;194;14
167;182;14
176;181;14
3;88;13
3;148;13
5;58;13
7;9;13
9;58;13
12;84;13
12;85;13
13;18;13
13;49;13
13;150;13
16;23;13
17;33;13
18;32;13
18;183;13
21;49;13
21;56;13
24;60;13
24;183;13
27;150;13
29;195;13
32;135;13
33;43;13
33;162;13
39;48;13
39;59;13
39;71;13
42;89;13
42;154;13
42;210;13
42;257;13
43;85;13
44;147;13
44;185;13
44;201;13
44;244;13
44;252;13
44;256;13
45;58;13
45;135;13
48;84;13
58;64;13
58;226;13
58;249;13
59;84;13
60;72;13
60;92;13
60;249;13
65;77;13
65;81;13
69;194;13
70;150;13
70;216;13
71;84;13
72;85;13
76;85;13
79;187;13
79;201;13
79;223;13
84;200;13
85;87;13
85;99;13
85;134;13
85;140;13
85;150;13
85;181;13
85;185;13
85;249;13
91;118;13
92;183;13
94;101;13
96;183;13
97;216;13
99;236;13
106;162;13
106;185;13
106;216;13
118;135;13
118;183;13
134;236;13
137;149;13
150;229;13
200;242;13
3;112;12
3;163;12
5;39;12
5;70;12
8;162;12
8;185;12
9;115;12
11;79;12
12;65;12
13;38;12
15;44;12
16;64;12
16;99;12
17;29;12
17;60;12
17;97;12
18;106;12
21;87;12
21;135;12
21;183;12
21;236;12
23;24;12
24;75;12
27;49;12
27;195;12
29;64;12
29;72;12
29;73;12
29;104;12
29;140;12
31;58;12
31;94;12
32;83;12
32;162;12
33;82;12
33;83;12
33;96;12
33;115;12
33;176;12
36;58;12
37;183;12
39;54;12
39;88;12
39;110;12
39;137;12
42;130;12
43;65;12
44;80;12
44;152;12
44;153;12
44;223;12
44;269;12
48;64;12
49;115;12
51;143;12
54;60;12
58;87;12
58;185;12
60;176;12
60;194;12
64;65;12
65;69;12
65;78;12
65;87;12
65;214;12
69;84;12
73;97;12
73;216;12
78;183;12
84;242;12
84;246;12
84;263;12
85;188;12
85;195;12
91;214;12
94;148;12
94;163;12
94;249;12
114;181;12
118;167;12
143;183;12
143;188;12
146;149;12
167;236;12
3;40;11
3;137;11
3;261;11
3;290;11
7;39;11
9;183;11
11;44;11
12;94;11
13;21;11
16;45;11
16;49;11
16;56;11
16;143;11
16;181;11
16;194;11
16;214;11
18;29;11
19;91;11
20;42;11
21;181;11
21;194;11
21;216;11
23;162;11
24;33;11
24;96;11
24;188;11
24;236;11
27;135;11
27;216;11
29;77;11
29;115;11
29;188;11
32;54;11
32;82;11
32;194;11
32;214;11
32;248;11
32;249;11
33;69;11
33;120;11
33;150;11
33;195;11
33;223;11
33;242;11
36;65;11
39;104;11
39;184;11
39;226;11
42;126;11
42;171;11
43;107;11
44;138;11
44;245;11
56;143;11
56;183;11
58;59;11
58;77;11
58;242;11
58;265;11
60;96;11
60;182;11
65;91;11
65;118;11
65;137;11
65;139;11
65;242;11
70;81;11
72;187;11
73;94;11
78;97;11
79;130;11
79;154;11
79;157;11
79;235;11
79;244;11
79;256;11
83;94;11
83;114;11
84;110;11
84;201;11
84;214;11
84;221;11
84;244;11
85;101;11
85;232;11
85;290;11
91;108;11
94;182;11
94;248;11
94;262;11
96;118;11
97;99;11
97;134;11
97;167;11
99;183;11
106;167;11
114;242;11
115;162;11
118;216;11
120;216;11
134;183;11
135;143;11
135;176;11
143;167;11
143;290;11
149;167;11
181;182;11
183;214;11
275;283;11
3;48;10
3;104;10
3;152;10
3;239;10
3;245;10
3;246;10
3;265;10
3;270;10
9;23;10
13;43;10
13;106;10
13;181;10
16;37;10
17;32;10
18;21;10
21;99;10
21;114;10
21;134;10
21;149;10
21;150;10
21;167;10
23;97;10
23;106;10
23;183;10
24;97;10
24;120;10
24;214;10
26;65;10
27;64;10
29;54;10
29;110;10
29;248;10
30;58;10
32;38;10
32;115;10
33;92;10
33;188;10
34;85;10
36;84;10
39;239;10
42;124;10
42;146;10
42;151;10
42;160;10
42;175;10
42;219;10
44;52;10
44;157;10
44;187;10
44;209;10
48;58;10
49;92;10
49;96;10
49;143;10
49;188;10
49;214;10
58;156;10
58;184;10
58;232;10
58;248;10
60;63;10
60;64;10
60;115;10
60;139;10
60;140;10
64;94;10
65;90;10
65;115;10
65;244;10
70;83;10
70;106;10
70;118;10
70;143;10
70;195;10
70;236;10
76;143;10
76;183;10
78;106;10
79;138;10
79;147;10
79;241;10
79;252;10
79;270;10
79;283;10
81;97;10
81;135;10
83;85;10
83;97;10
83;194;10
83;216;10
85;194;10
85;229;10
88;94;10
91;97;10
91;115;10
94;102;10
94;104;10
94;117;10
94;185;10
94;252;10
97;194;10
106;139;10
106;248;10
114;150;10
114;183;10
114;229;10
114;261;10
115;185;10
118;150;10
139;181;10
139;183;10
148;149;10
149;183;10
149;194;10
155;275;10
163;181;10
176;194;10
195;216;10
195;236;10
3;129;9
3;153;9
3;187;9
5;60;9
5;65;9
7;106;9
9;75;9
9;236;9
13;194;9
16;73;9
16;88;9
16;92;9
16;96;9
16;118;9
16;148;9
16;229;9
17;188;9
18;38;9
18;72;9
18;167;9
20;44;9
21;64;9
21;81;9
21;176;9
21;248;9
24;65;9
24;115;9
27;76;9
27;92;9
27;106;9
27;140;9
27;181;9
30;84;9
32;78;9
32;104;9
32;139;9
32;140;9
32;148;9
32;188;9
32;195;9
32;226;9
32;229;9
33;38;9
33;87;9
33;104;9
33;106;9
33;148;9
33;182;9
34;84;9
36;60;9
37;97;9
37;150;9
38;49;9
38;162;9
39;55;9
39;102;9
39;112;9
39;153;9
39;157;9
39;248;9
39;256;9
40;84;9
42;86;9
42;228;9
42;251;9
42;268;9
43;48;9
44;108;9
44;129;9
44;130;9
44;163;9
45;60;9
45;148;9
45;194;9
47;49;9
54;65;9
58;102;9
58;189;9
58;245;9
58;261;9
58;275;9
59;60;9
59;70;9
60;87;9
60;91;9
60;104;9
60;110;9
60;162;9
60;174;9
64;149;9
65;157;9
65;182;9
65;184;9
65;229;9
65;275;9
68;84;9
69;143;9
69;167;9
70;167;9
71;94;9
72;114;9
72;143;9
76;97;9
76;150;9
78;140;9
79;98;9
79;124;9
79;152;9
79;153;9
79;209;9
79;257;9
82;85;9
84;137;9
84;245;9
85;176;9
85;184;9
85;201;9
85;248;9
85;261;9
91;99;9
91;114;9
91;134;9
94;159;9
94;174;9
94;232;9
97;214;9
97;242;9
104;189;9
114;143;9
114;200;9
114;236;9
115;183;9
117;248;9
118;140;9
135;200;9
139;140;9
140;167;9
140;181;9
143;150;9
150;216;9
152;167;9
181;188;9
1;42;8
3;15;8
3;75;8
3;98;8
3;102;8
3;107;8
3;138;8
3;147;8
3;157;8
3;190;8
3;244;8
3;252;8
5;84;8
6;85;8
6;183;8
7;85;8
7;94;8
7;185;8
7;188;8
9;17;8
9;33;8
9;96;8
9;120;8
9;188;8
10;29;8
11;39;8
12;60;8
13;76;8
13;97;8
13;221;8
16;70;8
16;120;8
16;140;8
16;162;8
16;188;8
16;201;8
16;216;8
16;221;8
17;143;8
18;69;8
18;181;8
21;37;8
23;155;8
27;37;8
27;81;8
27;139;8
28;60;8
28;114;8
29;38;8
29;105;8
29;148;8
29;156;8
29;174;8
29;176;8
29;182;8
29;226;8
29;249;8
29;261;8
30;33;8
30;94;8
31;84;8
32;105;8
32;176;8
32;263;8
33;37;8
33;45;8
33;73;8
33;200;8
33;239;8
33;261;8
36;85;8
37;120;8
38;72;8
38;106;8
38;167;8
39;68;8
39;105;8
39;144;8
39;147;8
39;155;8
42;103;8
42;121;8
42;132;8
42;259;8
42;285;8
43;64;8
43;143;8
43;149;8
44;47;8
44;159;8
44;189;8
44;200;8
44;283;8
45;65;8
47;79;8
48;65;8
49;72;8
49;139;8
49;216;8
49;236;8
51;114;8
52;79;8
54;84;8
56;85;8
58;105;8
58;120;8
59;114;8
60;82;8
60;148;8
60;214;8
60;216;8
63;73;8
64;183;8
65;101;8
65;104;8
65;246;8
65;248;8
65;263;8
69;181;8
70;99;8
70;114;8
70;134;8
70;183;8
72;83;8
73;150;8
73;183;8
73;229;8
75;91;8
75;106;8
76;149;8
77;85;8
77;114;8
78;85;8
78;181;8
79;89;8
79;175;8
79;251;8
81;139;8
83;183;8
84;88;8
84;101;8
84;105;8
84;107;8
84;184;8
84;241;8
84;249;8
84;261;8
84;265;8
85;182;8
85;263;8
87;216;8
92;97;8
92;118;8
92;149;8
92;150;8
92;216;8
94;137;8
94;157;8
94;190;8
94;239;8
94;290;8
96;149;8
96;162;8
97;143;8
97;182;8
97;200;8
99;114;8
99;115;8
99;140;8
99;149;8
106;120;8
106;135;8
106;183;8
114;134;8
115;134;8
120;144;8
120;167;8
134;140;8
134;149;8
135;149;8
137;200;8
139;143;8
139;150;8
140;236;8
143;149;8
143;236;8
150;183;8
162;214;8
162;236;8
3;86;7
3;108;7
3;159;7
3;217;7
3;223;7
3;256;7
5;33;7
6;16;7
6;43;7
6;65;7
8;94;7
9;108;7
9;114;7
12;16;7
12;70;7
12;118;7
13;152;7
13;167;7
13;188;7
16;18;7
16;77;7
16;139;7
16;163;7
16;249;7
17;114;7
18;23;7
19;24;7
21;27;7
21;43;7
21;82;7
21;92;7
23;70;7
23;118;7
23;140;7
24;108;7
26;27;7
26;94;7
26;114;7
27;51;7
28;94;7
29;45;7
29;71;7
29;112;7
29;184;7
31;78;7
31;85;7
32;73;7
32;101;7
32;112;7
32;261;7
33;40;7
33;48;7
33;55;7
33;63;7
33;64;7
33;77;7
33;105;7
33;110;7
33;214;7
33;248;7
33;249;7
34;60;7
37;49;7
37;81;7
37;118;7
37;216;7
39;80;7
39;117;7
39;201;7
39;219;7
39;235;7
39;252;7
39;270;7
40;43;7
42;123;7
42;141;7
42;158;7
42;212;7
42;254;7
43;49;7
43;114;7
44;154;7
44;235;7
47;70;7
47;84;7
49;73;7
49;114;7
49;135;7
49;149;7
51;64;7
51;97;7
51;183;7
54;114;7
56;97;7
56;139;7
58;68;7
58;88;7
58;107;7
58;112;7
58;137;7
58;147;7
58;214;7
60;80;7
60;134;7
60;195;7
64;73;7
64;143;7
65;140;7
65;176;7
65;188;7
65;226;7
70;76;7
70;80;7
70;149;7
70;181;7
70;232;7
71;72;7
71;85;7
72;81;7
72;106;7
72;229;7
73;149;7
75;84;7
76;78;7
76;81;7
76;135;7
77;167;7
78;167;7
78;176;7
79;90;7
79;126;7
79;165;7
79;171;7
79;286;7
80;150;7
81;92;7
81;149;7
81;150;7
81;167;7
83;106;7
84;120;7
84;129;7
84;147;7
84;152;7
85;137;7
85;163;7
87;236;7
91;167;7
92;120;7
92;188;7
94;98;7
94;184;7
96;114;7
96;135;7
97;106;7
106;115;7
118;137;7
118;214;7
118;232;7
120;183;7
135;163;7
135;182;7
135;188;7
140;143;7
140;194;7
140;216;7
143;163;7
143;229;7
143;248;7
146;151;7
148;176;7
148;261;7
149;150;7
149;151;7
149;200;7
152;183;7
156;216;7
162;188;7
162;216;7
167;176;7
181;200;7
182;261;7
184;209;7
185;188;7
188;200;7
242;275;7
248;262;7
257;268;7
1;44;6
3;47;6
3;55;6
3;105;6
3;165;6
5;47;6
5;196;6
6;21;6
6;114;6
6;143;6
6;147;6
6;150;6
6;261;6
7;8;6
7;120;6
8;188;6
9;19;6
9;214;6
10;32;6
10;183;6
11;65;6
11;73;6
11;94;6
12;114;6
12;140;6
12;149;6
12;181;6
12;183;6
13;24;6
13;56;6
13;70;6
13;83;6
13;87;6
13;91;6
13;149;6
13;176;6
15;39;6
15;58;6
16;26;6
16;38;6
16;51;6
16;63;6
16;83;6
16;245;6
17;118;6
18;26;6
18;87;6
18;97;6
18;194;6
18;226;6
18;261;6
19;79;6
19;210;6
21;96;6
21;120;6
21;195;6
21;263;6
23;27;6
23;28;6
23;99;6
23;134;6
23;143;6
23;194;6
23;236;6
24;167;6
27;28;6
27;38;6
27;54;6
27;56;6
27;162;6
27;236;6
28;29;6
28;54;6
29;34;6
29;63;6
29;69;6
29;78;6
29;189;6
29;232;6
30;70;6
30;81;6
30;97;6
31;114;6
31;176;6
31;275;6
32;47;6
32;71;6
32;182;6
32;286;6
33;54;6
33;76;6
33;157;6
33;174;6
33;229;6
33;263;6
36;94;6
37;43;6
37;70;6
37;106;6
37;114;6
37;149;6
37;174;6
37;188;6
38;150;6
38;181;6
38;194;6
39;40;6
39;98;6
39;108;6
39;200;6
39;207;6
39;245;6
39;246;6
40;58;6
40;65;6
40;94;6
42;169;6
42;197;6
42;213;6
42;217;6
42;238;6
43;56;6
43;92;6
43;135;6
43;150;6
43;183;6
43;236;6
44;90;6
44;146;6
44;151;6
44;175;6
44;212;6
44;221;6
44;270;6
47;58;6
48;60;6
48;107;6
48;114;6
49;76;6
49;81;6
49;147;6
49;154;6
49;249;6
51;81;6
51;261;6
54;85;6
56;148;6
56;216;6
56;249;6
58;69;6
58;117;6
58;144;6
58;163;6
58;246;6
58;256;6
58;262;6
60;99;6
60;189;6
60;221;6
60;262;6
63;70;6
63;85;6
63;135;6
64;72;6
64;106;6
64;194;6
65;102;6
65;105;6
65;249;6
68;94;6
69;106;6
69;118;6
70;182;6
72;97;6
72;194;6
73;92;6
77;135;6
78;114;6
79;146;6
79;158;6
79;190;6
79;212;6
79;268;6
81;107;6
82;91;6
82;118;6
82;149;6
83;140;6
83;143;6
84;248;6
84;290;6
85;226;6
87;114;6
87;135;6
87;167;6
87;181;6
88;181;6
88;194;6
91;149;6
92;106;6
92;139;6
92;143;6
92;174;6
94;155;6
94;187;6
96;106;6
96;140;6
96;143;6
96;181;6
97;110;6
97;112;6
97;115;6
97;124;6
97;195;6
99;143;6
99;216;6
104;118;6
104;143;6
104;194;6
105;143;6
106;140;6
106;263;6
114;135;6
114;140;6
114;167;6
114;182;6
114;226;6
115;140;6
117;263;6
118;162;6
120;135;6
120;236;6
129;149;6
134;143;6
134;216;6
135;214;6
137;181;6
139;188;6
143;176;6
143;262;6
143;263;6
148;182;6
149;242;6
149;246;6
150;156;6
162;167;6
162;249;6
167;171;6
167;183;6
181;236;6
182;194;6
183;290;6
188;242;6
195;232;6
201;213;6
236;248;6
262;263;6
1;49;5
1;79;5
3;20;5
3;123;5
3;130;5
3;160;5
3;175;5
3;241;5
3;259;5
5;135;5
5;148;5
5;154;5
6;18;5
6;51;5
6;54;5
6;59;5
6;83;5
6;148;5
6;154;5
6;226;5
7;49;5
8;21;5
8;96;5
8;214;5
9;60;5
9;97;5
9;118;5
10;78;5
10;94;5
12;17;5
12;148;5
12;167;5
13;17;5
13;73;5
13;99;5
13;107;5
13;110;5
13;118;5
13;134;5
13;135;5
13;148;5
13;162;5
13;195;5
13;236;5
15;29;5
15;94;5
16;114;5
16;149;5
16;153;5
16;175;5
16;195;5
17;21;5
17;23;5
17;24;5
17;27;5
17;51;5
17;72;5
17;76;5
17;83;5
17;91;5
17;115;5
17;135;5
17;149;5
17;181;5
17;236;5
18;27;5
18;63;5
18;81;5
18;115;5
18;118;5
18;139;5
18;149;5
18;150;5
18;188;5
18;216;5
18;236;5
19;84;5
19;185;5
21;26;5
21;34;5
21;69;5
21;73;5
21;77;5
21;104;5
21;144;5
21;162;5
21;185;5
23;43;5
23;76;5
23;96;5
23;135;5
23;139;5
23;150;5
23;216;5
23;249;5
24;82;5
24;210;5
26;29;5
26;51;5
26;143;5
26;181;5
27;72;5
27;83;5
27;114;5
27;115;5
27;149;5
27;229;5
27;232;5
28;49;5
28;92;5
28;143;5
28;188;5
28;229;5
29;47;5
29;101;5
29;242;5
29;245;5
29;246;5
29;286;5
30;43;5
30;49;5
30;65;5
31;33;5
31;34;5
31;140;5
31;182;5
32;45;5
32;55;5
32;69;5
32;108;5
32;174;5
32;232;5
32;242;5
32;245;5
33;34;5
33;36;5
33;71;5
33;112;5
33;257;5
34;76;5
34;256;5
37;56;5
37;64;5
37;73;5
37;83;5
37;104;5
37;195;5
38;115;5
39;47;5
39;107;5
39;154;5
39;159;5
39;163;5
39;185;5
39;189;5
39;190;5
39;232;5
39;257;5
39;262;5
42;46;5
42;61;5
42;196;5
42;198;5
42;222;5
42;234;5
42;250;5
42;288;5
43;51;5
43;54;5
43;73;5
43;194;5
43;239;5
44;89;5
44;98;5
44;124;5
44;166;5
44;190;5
44;219;5
44;234;5
44;241;5
44;251;5
44;285;5
45;97;5
45;149;5
45;176;5
45;217;5
47;94;5
48;51;5
48;143;5
49;56;5
49;64;5
49;97;5
49;118;5
49;150;5
49;167;5
49;182;5
49;184;5
49;210;5
49;261;5
51;76;5
51;140;5
51;148;5
51;149;5
51;182;5
52;94;5
56;92;5
58;138;5
58;200;5
58;269;5
58;283;5
58;290;5
60;71;5
60;105;5
60;112;5
60;129;5
60;147;5
60;188;5
60;200;5
60;201;5
60;241;5
60;242;5
60;246;5
60;248;5
63;114;5
64;81;5
64;91;5
64;97;5
64;150;5
64;181;5
65;107;5
65;110;5
65;148;5
65;156;5
65;163;5
65;189;5
65;261;5
69;149;5
70;73;5
70;87;5
70;92;5
70;135;5
70;140;5
70;248;5
70;261;5
71;188;5
72;118;5
72;162;5
72;183;5
72;242;5
73;81;5
73;85;5
73;104;5
73;107;5
73;143;5
73;181;5
76;83;5
77;112;5
77;118;5
77;143;5
77;150;5
78;182;5
78;200;5
79;103;5
79;121;5
79;123;5
79;198;5
79;219;5
79;285;5
80;114;5
80;143;5
81;183;5
81;194;5
82;97;5
83;150;5
83;242;5
84;117;5
84;146;5
84;159;5
84;223;5
84;275;5
85;88;5
85;242;5
85;262;5
85;275;5
86;183;5
87;97;5
91;112;5
91;216;5
92;101;5
92;104;5
92;115;5
92;195;5
94;105;5
94;108;5
94;112;5
94;160;5
94;169;5
94;226;5
94;235;5
94;238;5
96;120;5
96;167;5
97;137;5
97;150;5
97;188;5
97;229;5
99;120;5
101;183;5
104;236;5
106;174;5
106;226;5
106;262;5
106;275;5
110;183;5
114;120;5
114;194;5
114;214;5
115;184;5
115;249;5
118;156;5
118;189;5
118;194;5
118;195;5
120;134;5
120;140;5
120;214;5
135;150;5
135;156;5
135;162;5
135;216;5
135;236;5
139;148;5
139;174;5
139;236;5
140;148;5
140;176;5
143;148;5
143;162;5
143;223;5
147;154;5
148;229;5
149;214;5
149;261;5
149;262;5
150;265;5
155;283;5
159;183;5
162;210;5
165;209;5
167;226;5
167;242;5
181;195;5
181;214;5
181;290;5
182;229;5
183;188;5
183;194;5
183;195;5
183;235;5
194;242;5
194;290;5
200;261;5
216;236;5
242;261;5
248;256;5
252;290;5
1;6;4
1;39;4
1;58;4
3;11;4
3;19;4
3;103;4
3;232;4
3;235;4
5;54;4
5;83;4
5;92;4
5;106;4
6;28;4
6;30;4
6;72;4
6;81;4
6;92;4
6;97;4
6;106;4
6;140;4
6;176;4
6;182;4
6;229;4
6;245;4
6;251;4
7;16;4
7;21;4
7;29;4
7;60;4
8;75;4
9;82;4
9;112;4
9;167;4
9;216;4
10;33;4
10;58;4
10;60;4
10;70;4
10;76;4
10;85;4
10;97;4
11;64;4
11;181;4
12;13;4
12;21;4
12;81;4
12;83;4
12;91;4
12;143;4
12;150;4
12;216;4
13;51;4
13;64;4
13;72;4
13;78;4
13;140;4
13;187;4
13;265;4
14;42;4
14;79;4
16;71;4
16;72;4
16;78;4
16;81;4
16;82;4
16;87;4
16;117;4
16;144;4
16;157;4
16;182;4
16;262;4
17;49;4
17;99;4
17;106;4
17;134;4
17;139;4
17;155;4
17;183;4
17;194;4
18;37;4
18;49;4
18;64;4
18;70;4
18;73;4
18;92;4
18;159;4
18;184;4
18;229;4
18;242;4
18;246;4
19;23;4
19;49;4
19;162;4
20;79;4
21;36;4
21;45;4
21;48;4
21;72;4
21;101;4
21;115;4
21;140;4
21;148;4
21;246;4
21;249;4
21;261;4
23;51;4
23;71;4
23;82;4
23;83;4
23;87;4
23;114;4
23;174;4
23;184;4
23;214;4
23;229;4
23;275;4
24;64;4
24;99;4
24;114;4
24;118;4
24;134;4
24;149;4
24;286;4
26;229;4
27;36;4
27;71;4
27;78;4
27;88;4
27;99;4
27;134;4
27;194;4
27;248;4
28;70;4
28;135;4
28;144;4
28;176;4
29;55;4
29;59;4
29;88;4
29;126;4
29;171;4
29;241;4
29;263;4
29;285;4
29;290;4
30;60;4
30;114;4
31;183;4
31;188;4
32;34;4
32;59;4
32;88;4
32;110;4
32;137;4
32;138;4
32;147;4
32;155;4
32;156;4
32;171;4
32;184;4
32;239;4
32;285;4
33;107;4
33;159;4
33;171;4
33;184;4
33;187;4
33;232;4
33;246;4
33;268;4
33;269;4
33;270;4
33;275;4
33;290;4
34;71;4
34;78;4
34;97;4
34;242;4
34;283;4
36;37;4
36;43;4
36;54;4
36;78;4
36;138;4
36;183;4
37;76;4
37;96;4
37;101;4
37;115;4
37;135;4
37;139;4
37;147;4
37;194;4
38;60;4
38;69;4
38;135;4
38;143;4
38;236;4
38;246;4
39;86;4
39;209;4
39;265;4
39;269;4
40;107;4
40;143;4
40;194;4
42;57;4
42;62;4
42;66;4
42;67;4
42;109;4
42;166;4
42;180;4
42;206;4
42;207;4
42;218;4
42;243;4
42;273;4
42;287;4
42;289;4
43;72;4
43;77;4
43;83;4
43;140;4
43;229;4
44;46;4
44;121;4
44;126;4
44;132;4
44;158;4
44;165;4
44;198;4
44;208;4
44;220;4
44;250;4
44;254;4
44;257;4
44;273;4
44;287;4
45;216;4
46;79;4
47;60;4
48;72;4
48;81;4
48;94;4
48;229;4
49;51;4
49;75;4
49;77;4
49;83;4
49;87;4
49;99;4
49;105;4
49;120;4
49;134;4
49;140;4
49;148;4
49;155;4
49;201;4
49;239;4
51;77;4
51;78;4
51;105;4
51;118;4
51;181;4
52;65;4
52;70;4
54;150;4
54;261;4
55;58;4
55;77;4
55;118;4
56;77;4
56;81;4
56;82;4
56;106;4
56;114;4
56;184;4
56;236;4
56;262;4
56;263;4
58;129;4
58;153;4
58;157;4
58;158;4
58;165;4
58;201;4
58;208;4
58;220;4
58;241;4
59;65;4
59;194;4
60;68;4
60;120;4
60;138;4
60;144;4
60;184;4
60;212;4
60;226;4
60;244;4
60;269;4
60;270;4
60;283;4
61;79;4
62;87;4
63;94;4
63;183;4
63;216;4
63;236;4
64;70;4
64;77;4
64;85;4
64;88;4
64;92;4
64;96;4
64;135;4
64;229;4
64;236;4
65;71;4
65;117;4
65;126;4
65;129;4
65;155;4
65;159;4
65;232;4
65;290;4
68;92;4
69;85;4
69;97;4
69;114;4
69;115;4
69;242;4
70;90;4
70;96;4
70;102;4
70;104;4
70;189;4
70;194;4
70;229;4
70;263;4
71;149;4
72;115;4
72;216;4
72;261;4
73;194;4
73;195;4
73;232;4
75;79;4
75;162;4
76;114;4
76;167;4
76;195;4
76;236;4
77;94;4
77;107;4
77;149;4
77;229;4
78;83;4
78;99;4
78;115;4
78;134;4
78;135;4
78;139;4
78;149;4
78;275;4
79;132;4
79;151;4
79;197;4
79;208;4
79;220;4
79;222;4
79;250;4
79;273;4
79;287;4
80;229;4
81;89;4
81;152;4
81;176;4
81;187;4
81;229;4
81;246;4
82;139;4
82;143;4
82;148;4
82;181;4
83;87;4
83;92;4
83;167;4
83;181;4
83;236;4
84;102;4
84;112;4
84;130;4
84;141;4
84;151;4
84;160;4
84;217;4
84;239;4
84;251;4
85;102;4
85;144;4
85;221;4
85;246;4
87;96;4
87;99;4
87;118;4
87;134;4
87;162;4
87;214;4
88;97;4
91;101;4
91;140;4
91;169;4
91;210;4
91;286;4
92;107;4
92;114;4
92;140;4
92;147;4
92;219;4
94;107;4
94;129;4
94;130;4
94;144;4
94;152;4
94;153;4
94;201;4
94;221;4
94;246;4
94;265;4
94;286;4
96;99;4
96;101;4
96;134;4
96;176;4
96;194;4
96;195;4
96;261;4
97;101;4
97;104;4
97;126;4
97;139;4
97;140;4
97;155;4
97;176;4
97;201;4
97;209;4
98;183;4
99;135;4
99;214;4
102;139;4
102;167;4
105;114;4
106;117;4
106;148;4
106;149;4
106;184;4
106;214;4
106;229;4
107;143;4
112;183;4
112;236;4
114;184;4
114;259;4
114;270;4
115;118;4
115;182;4
115;216;4
115;245;4
118;171;4
118;181;4
118;182;4
120;143;4
120;155;4
120;162;4
134;135;4
134;214;4
135;137;4
135;139;4
135;221;4
137;242;4
139;162;4
139;216;4
140;183;4
140;261;4
143;182;4
143;214;4
149;162;4
149;188;4
149;216;4
149;226;4
150;194;4
150;249;4
153;195;4
155;176;4
155;195;4
156;195;4
160;162;4
162;246;4
167;214;4
167;216;4
176;188;4
176;275;4
181;183;4
181;242;4
182;183;4
188;194;4
188;216;4
194;214;4
200;259;4
200;275;4
216;256;4
221;249;4
226;249;4
236;242;4
236;249;4
236;270;4
241;244;4
242;259;4
242;283;4
245;251;4
256;290;4
1;3;3
1;32;3
1;47;3
1;70;3
1;147;3
1;154;3
2;42;3
2;79;3
3;14;3
3;59;3
3;80;3
3;89;3
3;124;3
3;126;3
3;166;3
3;208;3
3;209;3
3;220;3
3;233;3
3;254;3
3;289;3
5;16;3
5;21;3
5;27;3
5;28;3
5;51;3
5;56;3
5;61;3
5;72;3
5;76;3
5;85;3
5;97;3
5;99;3
5;105;3
5;114;3
5;134;3
5;139;3
5;143;3
5;149;3
5;167;3
5;182;3
5;261;3
6;27;3
6;37;3
6;73;3
6;80;3
6;149;3
6;174;3
6;188;3
6;239;3
7;27;3
7;32;3
7;51;3
7;64;3
7;181;3
7;194;3
8;19;3
8;39;3
8;79;3
8;85;3
8;120;3
8;183;3
9;13;3
9;31;3
9;99;3
9;101;3
9;134;3
9;143;3
9;210;3
10;16;3
10;18;3
10;27;3
10;81;3
10;135;3
11;58;3
11;143;3
11;183;3
11;200;3
11;216;3
12;27;3
12;51;3
12;64;3
12;77;3
12;115;3
12;120;3
12;194;3
13;16;3
13;26;3
13;37;3
13;40;3
13;45;3
13;48;3
13;63;3
13;82;3
13;89;3
13;92;3
13;96;3
13;105;3
13;114;3
13;115;3
13;120;3
13;184;3
13;214;3
13;216;3
13;223;3
13;229;3
13;239;3
13;249;3
13;253;3
14;44;3
15;16;3
15;17;3
15;32;3
15;38;3
15;60;3
15;84;3
16;28;3
16;31;3
16;43;3
16;55;3
16;76;3
16;112;3
16;123;3
16;155;3
16;184;3
16;270;3
17;87;3
17;96;3
17;101;3
17;163;3
17;174;3
17;184;3
17;214;3
18;30;3
18;36;3
18;40;3
18;43;3
18;48;3
18;78;3
18;82;3
18;104;3
18;105;3
18;135;3
18;140;3
18;157;3
18;174;3
18;200;3
18;249;3
19;29;3
19;32;3
19;44;3
19;58;3
19;85;3
19;97;3
19;183;3
20;114;3
21;30;3
21;54;3
21;59;3
21;63;3
21;68;3
21;76;3
21;110;3
21;155;3
21;156;3
21;174;3
21;188;3
21;200;3
21;214;3
21;265;3
21;290;3
22;42;3
22;79;3
23;45;3
23;56;3
23;64;3
23;73;3
23;141;3
23;148;3
23;149;3
23;167;3
23;188;3
23;226;3
24;45;3
24;56;3
24;101;3
24;112;3
24;139;3
24;155;3
24;163;3
24;249;3
24;288;3
25;42;3
26;32;3
26;33;3
26;54;3
26;70;3
26;73;3
26;81;3
26;97;3
26;150;3
26;176;3
26;245;3
27;45;3
27;77;3
27;82;3
27;104;3
27;105;3
27;110;3
27;118;3
27;144;3
27;147;3
27;155;3
27;167;3
27;176;3
27;188;3
27;290;3
28;30;3
28;56;3
28;59;3
28;65;3
28;72;3
28;150;3
28;181;3
28;219;3
29;31;3
29;52;3
29;90;3
29;108;3
29;124;3
29;137;3
29;138;3
29;187;3
29;209;3
29;223;3
29;239;3
29;257;3
29;270;3
30;47;3
30;59;3
30;76;3
30;85;3
31;32;3
31;60;3
31;91;3
31;106;3
31;135;3
31;155;3
31;181;3
32;48;3
32;57;3
32;68;3
32;90;3
32;98;3
32;102;3
32;117;3
32;154;3
32;185;3
32;189;3
32;201;3
32;223;3
32;244;3
32;246;3
32;251;3
32;257;3
32;268;3
32;270;3
32;290;3
33;88;3
33;89;3
33;108;3
33;124;3
33;137;3
33;144;3
33;156;3
33;158;3
33;163;3
33;185;3
33;189;3
33;201;3
33;226;3
33;244;3
33;283;3
33;285;3
34;45;3
34;65;3
34;114;3
34;150;3
34;183;3
34;188;3
36;45;3
36;51;3
36;73;3
36;92;3
36;106;3
36;114;3
36;118;3
36;181;3
36;194;3
36;226;3
36;242;3
37;59;3
37;63;3
37;68;3
37;78;3
37;87;3
37;99;3
37;107;3
37;134;3
37;140;3
37;143;3
37;155;3
37;158;3
37;229;3
37;236;3
37;265;3
38;43;3
38;65;3
38;71;3
38;92;3
38;149;3
38;152;3
38;176;3
38;245;3
39;52;3
39;90;3
39;103;3
39;123;3
39;124;3
39;126;3
39;129;3
39;132;3
39;141;3
39;151;3
39;171;3
39;241;3
39;242;3
39;244;3
39;268;3
39;285;3
40;81;3
40;83;3
41;42;3
42;50;3
42;111;3
42;122;3
42;136;3
42;168;3
42;178;3
42;215;3
42;237;3
42;258;3
43;59;3
43;63;3
43;76;3
43;78;3
43;97;3
43;104;3
43;118;3
43;120;3
43;148;3
43;167;3
43;176;3
43;182;3
43;195;3
43;246;3
43;275;3
44;86;3
44;103;3
44;109;3
44;123;3
44;161;3
44;171;3
44;196;3
44;197;3
44;217;3
44;222;3
44;243;3
44;258;3
44;268;3
44;286;3
45;56;3
45;73;3
45;114;3
45;143;3
45;183;3
47;59;3
47;65;3
47;85;3
47;114;3
47;147;3
47;150;3
47;154;3
47;236;3
48;59;3
48;73;3
48;85;3
48;105;3
48;139;3
48;149;3
48;150;3
49;54;3
49;78;3
49;110;3
49;176;3
49;226;3
49;246;3
50;94;3
51;71;3
51;87;3
51;115;3
51;139;3
51;249;3
52;58;3
52;143;3
54;59;3
54;80;3
54;92;3
54;94;3
54;115;3
54;143;3
54;183;3
54;188;3
55;65;3
55;114;3
55;150;3
55;156;3
56;118;3
56;135;3
56;248;3
56;290;3
57;79;3
58;80;3
58;124;3
58;126;3
58;151;3
58;159;3
58;171;3
58;198;3
58;219;3
58;235;3
58;239;3
58;243;3
58;244;3
58;251;3
58;263;3
58;286;3
59;83;3
59;92;3
59;94;3
59;229;3
59;261;3
60;88;3
60;117;3
60;132;3
60;155;3
60;159;3
60;163;3
60;252;3
60;261;3
60;275;3
62;79;3
63;64;3
63;77;3
63;87;3
63;92;3
63;97;3
63;139;3
63;195;3
64;83;3
64;120;3
64;140;3
64;155;3
64;214;3
65;82;3
65;88;3
65;89;3
65;138;3
65;154;3
65;187;3
65;196;3
65;201;3
65;208;3
65;220;3
65;223;3
65;256;3
65;257;3
65;262;3
65;283;3
65;286;3
66;206;3
68;140;3
69;87;3
69;139;3
69;184;3
69;188;3
70;120;3
70;174;3
70;188;3
70;242;3
70;262;3
70;286;3
71;76;3
71;81;3
71;106;3
71;148;3
71;167;3
71;194;3
71;216;3
72;80;3
72;104;3
72;105;3
72;135;3
72;148;3
72;149;3
72;167;3
72;181;3
72;182;3
72;200;3
72;249;3
73;82;3
73;83;3
73;99;3
73;106;3
73;114;3
73;120;3
73;134;3
73;200;3
73;246;3
75;108;3
75;185;3
76;92;3
76;106;3
76;107;3
76;118;3
76;120;3
76;139;3
76;162;3
76;174;3
76;181;3
76;194;3
76;201;3
76;229;3
77;81;3
77;97;3
77;139;3
77;176;3
77;181;3
77;226;3
78;82;3
78;92;3
78;174;3
78;194;3
78;229;3
78;283;3
79;86;3
79;109;3
79;122;3
79;141;3
79;160;3
79;166;3
79;168;3
79;178;3
79;207;3
79;218;3
79;234;3
79;243;3
79;254;3
79;258;3
81;83;3
81;99;3
81;114;3
81;118;3
81;124;3
81;134;3
81;140;3
81;216;3
81;232;3
81;290;3
82;83;3
82;96;3
82;99;3
82;101;3
82;110;3
82;134;3
82;150;3
82;167;3
82;236;3
82;239;3
82;261;3
83;118;3
83;135;3
83;246;3
83;261;3
84;90;3
84;103;3
84;157;3
84;163;3
84;165;3
84;171;3
84;189;3
84;209;3
84;210;3
84;212;3
84;218;3
84;269;3
84;283;3
85;104;3
85;110;3
85;117;3
85;151;3
85;154;3
85;174;3
85;223;3
85;235;3
85;238;3
85;256;3
87;101;3
87;120;3
87;140;3
87;143;3
87;149;3
87;286;3
88;140;3
88;167;3
89;107;3
89;187;3
89;197;3
89;223;3
90;97;3
90;143;3
90;167;3
91;181;3
91;200;3
91;226;3
91;275;3
92;96;3
92;99;3
92;105;3
92;134;3
92;135;3
92;148;3
92;158;3
92;194;3
92;236;3
92;265;3
94;126;3
94;165;3
94;209;3
94;244;3
94;275;3
94;283;3
94;288;3
96;137;3
96;139;3
96;148;3
96;242;3
97;102;3
97;163;3
97;165;3
97;263;3
97;265;3
97;275;3
97;286;3
99;106;3
99;112;3
99;162;3
99;167;3
99;181;3
99;189;3
99;194;3
99;226;3
99;249;3
99;270;3
101;118;3
101;214;3
102;183;3
102;252;3
102;290;3
103;167;3
104;120;3
104;150;3
104;175;3
104;216;3
104;263;3
104;290;3
105;139;3
106;118;3
106;134;3
106;144;3
106;176;3
106;194;3
107;139;3
107;197;3
107;223;3
110;150;3
110;162;3
110;176;3
110;229;3
110;239;3
110;249;3
112;118;3
112;134;3
112;181;3
112;209;3
112;216;3
114;115;3
114;141;3
114;174;3
114;188;3
114;209;3
114;246;3
114;263;3
114;275;3
115;135;3
115;139;3
115;149;3
115;153;3
115;157;3
115;163;3
115;174;3
115;176;3
115;181;3
115;194;3
117;256;3
117;262;3
118;139;3
118;185;3
118;249;3
120;149;3
120;181;3
129;181;3
129;183;3
134;162;3
134;167;3
134;181;3
134;189;3
134;194;3
134;226;3
134;249;3
134;270;3
135;155;3
135;201;3
135;246;3
135;248;3
137;194;3
137;214;3
139;156;3
139;176;3
139;195;3
139;239;3
139;252;3
140;149;3
140;150;3
140;158;3
140;249;3
143;189;3
143;226;3
144;155;3
144;188;3
144;216;3
147;183;3
148;150;3
148;154;3
148;183;3
148;188;3
148;290;3
149;182;3
149;229;3
149;290;3
150;176;3
150;182;3
150;236;3
150;239;3
150;261;3
154;182;3
155;188;3
156;232;3
165;184;3
167;184;3
167;189;3
167;285;3
167;290;3
171;285;3
174;229;3
176;209;3
176;239;3
176;261;3
181;209;3
181;216;3
181;232;3
181;252;3
181;261;3
182;188;3
182;216;3
183;201;3
183;210;3
183;218;3
183;226;3
183;229;3
183;261;3
184;194;3
184;236;3
184;249;3
185;210;3
185;216;3
185;249;3
187;194;3
189;236;3
194;226;3
195;241;3
216;246;3
221;229;3
233;281;3
236;245;3
239;246;3
252;256;3
257;261;3
1;5;2
1;29;2
1;148;2
1;149;2
2;39;2
3;25;2
3;46;2
3;52;2
3;62;2
3;90;2
3;111;2
3;132;2
3;154;2
3;156;2
3;158;2
3;180;2
3;189;2
3;196;2
3;197;2
3;198;2
3;199;2
3;202;2
3;212;2
3;213;2
3;219;2
3;234;2
3;251;2
3;257;2
3;281;2
3;288;2
4;42;2
4;65;2
5;13;2
5;18;2
5;30;2
5;37;2
5;43;2
5;59;2
5;73;2
5;80;2
5;89;2
5;147;2
5;150;2
5;162;2
5;174;2
5;181;2
5;189;2
5;195;2
5;200;2
5;216;2
5;226;2
5;229;2
5;249;2
6;12;2
6;13;2
6;38;2
6;48;2
6;56;2
6;71;2
6;78;2
6;96;2
6;105;2
6;110;2
6;115;2
6;135;2
6;141;2
6;167;2
6;187;2
6;212;2
6;216;2
6;249;2
7;17;2
7;19;2
7;43;2
7;70;2
7;72;2
7;97;2
7;149;2
7;162;2
7;183;2
8;29;2
8;44;2
8;87;2
8;115;2
8;155;2
8;200;2
8;210;2
8;275;2
9;15;2
9;45;2
9;65;2
9;111;2
9;149;2
9;155;2
9;270;2
9;288;2
10;21;2
10;23;2
10;31;2
10;34;2
10;39;2
10;49;2
10;64;2
10;65;2
10;68;2
10;77;2
10;99;2
10;115;2
10;134;2
10;143;2
10;149;2
10;167;2
10;181;2
10;188;2
10;194;2
10;212;2
10;216;2
11;28;2
11;32;2
11;33;2
11;97;2
11;137;2
11;242;2
12;18;2
12;24;2
12;43;2
12;45;2
12;49;2
12;80;2
12;87;2
12;92;2
12;104;2
12;182;2
12;200;2
12;236;2
12;257;2
12;261;2
13;30;2
13;77;2
13;104;2
13;117;2
13;165;2
13;182;2
13;200;2
13;245;2
13;248;2
13;251;2
13;263;2
13;268;2
13;269;2
13;275;2
14;21;2
14;39;2
14;60;2
14;84;2
15;33;2
15;37;2
15;43;2
15;45;2
15;64;2
15;85;2
15;92;2
15;115;2
16;36;2
16;47;2
16;80;2
16;104;2
16;108;2
16;110;2
16;137;2
16;147;2
16;150;2
16;169;2
16;176;2
16;185;2
16;213;2
16;226;2
16;238;2
16;239;2
16;248;2
16;263;2
16;268;2
16;275;2
16;286;2
16;288;2
17;37;2
17;70;2
17;88;2
17;92;2
17;102;2
17;104;2
17;111;2
17;140;2
17;167;2
17;182;2
17;200;2
17;201;2
17;229;2
17;242;2
17;244;2
17;248;2
17;249;2
17;261;2
17;262;2
18;24;2
18;28;2
18;34;2
18;55;2
18;56;2
18;91;2
18;99;2
18;107;2
18;134;2
18;187;2
18;223;2
18;245;2
18;251;2
18;268;2
18;290;2
19;39;2
19;94;2
19;118;2
20;21;2
20;29;2
20;32;2
20;60;2
20;76;2
20;77;2
20;78;2
20;209;2
20;246;2
21;38;2
21;55;2
21;75;2
21;78;2
21;88;2
21;90;2
21;102;2
21;108;2
21;117;2
21;160;2
21;163;2
21;182;2
21;190;2
21;229;2
21;232;2
21;234;2
21;239;2
21;244;2
21;256;2
21;262;2
21;270;2
21;286;2
22;33;2
22;58;2
23;26;2
23;31;2
23;34;2
23;38;2
23;54;2
23;59;2
23;68;2
23;72;2
23;77;2
23;78;2
23;81;2
23;88;2
23;101;2
23;104;2
23;120;2
23;122;2
23;144;2
23;158;2
23;176;2
23;182;2
23;195;2
23;262;2
24;31;2
24;35;2
24;43;2
24;51;2
24;57;2
24;81;2
24;83;2
24;88;2
24;135;2
24;137;2
24;140;2
24;143;2
24;157;2
24;181;2
24;194;2
24;216;2
24;238;2
24;242;2
24;253;2
24;270;2
24;275;2
25;79;2
26;28;2
26;45;2
26;49;2
26;60;2
26;63;2
26;64;2
26;72;2
26;96;2
26;135;2
26;139;2
26;140;2
26;182;2
26;183;2
26;194;2
26;195;2
26;216;2
26;261;2
27;30;2
27;69;2
27;87;2
27;96;2
27;107;2
27;120;2
27;137;2
27;138;2
27;156;2
27;175;2
27;182;2
27;184;2
27;189;2
27;200;2
27;201;2
27;244;2
27;246;2
27;249;2
27;275;2
28;32;2
28;33;2
28;37;2
28;47;2
28;71;2
28;80;2
28;85;2
28;141;2
28;147;2
28;155;2
28;182;2
28;183;2
29;36;2
29;40;2
29;48;2
29;57;2
29;61;2
29;98;2
29;102;2
29;107;2
29;109;2
29;111;2
29;129;2
29;130;2
29;136;2
29;144;2
29;146;2
29;147;2
29;151;2
29;154;2
29;155;2
29;159;2
29;165;2
29;178;2
29;185;2
29;197;2
29;200;2
29;201;2
29;251;2
29;268;2
29;275;2
30;40;2
30;48;2
30;51;2
30;54;2
30;106;2
30;115;2
30;118;2
30;139;2
30;143;2
30;149;2
30;150;2
30;157;2
30;174;2
30;181;2
30;182;2
30;194;2
30;236;2
31;37;2
31;39;2
31;40;2
31;43;2
31;51;2
31;65;2
31;68;2
31;70;2
31;81;2
31;92;2
31;112;2
31;129;2
31;149;2
31;185;2
31;194;2
31;208;2
31;220;2
32;36;2
32;61;2
32;63;2
32;75;2
32;80;2
32;103;2
32;107;2
32;124;2
32;126;2
32;129;2
32;136;2
32;142;2
32;153;2
32;157;2
32;163;2
32;187;2
32;197;2
32;200;2
32;209;2
32;262;2
32;265;2
32;269;2
32;275;2
33;52;2
33;90;2
33;101;2
33;103;2
33;117;2
33;136;2
33;147;2
33;154;2
33;208;2
33;212;2
33;220;2
33;241;2
33;251;2
33;254;2
34;36;2
34;37;2
34;40;2
34;43;2
34;56;2
34;72;2
34;82;2
34;83;2
34;92;2
34;110;2
34;118;2
34;155;2
34;176;2
34;194;2
34;236;2
34;261;2
34;269;2
34;290;2
35;42;2
36;38;2
36;56;2
36;63;2
36;64;2
36;72;2
36;76;2
36;81;2
36;83;2
36;97;2
36;139;2
36;140;2
36;143;2
36;147;2
36;216;2
36;232;2
37;38;2
37;40;2
37;48;2
37;51;2
37;72;2
37;77;2
37;82;2
37;105;2
37;112;2
37;144;2
37;167;2
37;184;2
37;189;2
37;197;2
37;208;2
37;219;2
37;220;2
37;232;2
37;242;2
37;245;2
37;248;2
37;262;2
37;263;2
38;64;2
38;73;2
38;87;2
38;97;2
38;99;2
38;118;2
38;134;2
38;139;2
38;165;2
38;187;2
38;249;2
39;46;2
39;67;2
39;130;2
39;152;2
39;166;2
39;169;2
39;170;2
39;208;2
39;215;2
39;217;2
39;218;2
39;220;2
39;221;2
39;223;2
39;238;2
39;254;2
39;275;2
39;283;2
40;45;2
40;48;2
40;51;2
40;85;2
40;88;2
40;89;2
40;92;2
40;139;2
40;140;2
40;155;2
40;176;2
40;188;2
40;197;2
40;223;2
40;226;2
41;79;2
42;74;2
42;95;2
42;131;2
42;133;2
42;142;2
42;170;2
42;191;2
42;192;2
42;199;2
42;202;2
42;224;2
42;227;2
42;230;2
42;233;2
42;240;2
42;264;2
42;266;2
42;271;2
42;284;2
43;45;2
43;88;2
43;96;2
43;105;2
43;106;2
43;109;2
43;115;2
43;129;2
43;155;2
43;156;2
43;162;2
43;174;2
43;188;2
43;223;2
43;232;2
43;248;2
43;252;2
43;261;2
43;283;2
44;57;2
44;61;2
44;67;2
44;74;2
44;75;2
44;111;2
44;160;2
44;178;2
44;191;2
44;192;2
44;202;2
44;207;2
44;213;2
44;215;2
44;218;2
44;237;2
44;266;2
44;284;2
45;49;2
45;54;2
45;63;2
45;81;2
45;91;2
45;96;2
45;99;2
45;134;2
45;144;2
45;160;2
45;162;2
45;189;2
45;236;2
45;246;2
45;249;2
45;261;2
46;60;2
46;84;2
47;51;2
47;72;2
47;81;2
47;97;2
47;140;2
47;149;2
47;182;2
47;183;2
47;261;2
48;49;2
48;68;2
48;77;2
48;83;2
48;87;2
48;89;2
48;92;2
48;104;2
48;129;2
48;197;2
48;223;2
48;246;2
49;59;2
49;61;2
49;68;2
49;69;2
49;86;2
49;88;2
49;101;2
49;102;2
49;104;2
49;112;2
49;152;2
49;157;2
49;174;2
49;181;2
49;187;2
49;190;2
49;195;2
49;196;2
49;200;2
49;213;2
49;230;2
49;232;2
49;242;2
51;56;2
51;63;2
51;70;2
51;80;2
51;82;2
51;89;2
51;104;2
51;107;2
51;167;2
51;197;2
51;223;2
51;226;2
51;229;2
51;232;2
51;242;2
52;60;2
52;73;2
52;85;2
52;99;2
52;134;2
52;135;2
52;263;2
54;56;2
54;77;2
54;81;2
54;147;2
54;148;2
54;174;2
54;229;2
54;262;2
54;263;2
55;83;2
55;85;2
55;139;2
55;236;2
55;285;2
56;64;2
56;68;2
56;70;2
56;72;2
56;76;2
56;104;2
56;120;2
56;121;2
56;140;2
56;147;2
56;149;2
56;155;2
56;167;2
56;174;2
56;176;2
56;188;2
56;226;2
56;241;2
56;245;2
56;246;2
56;256;2
58;89;2
58;108;2
58;110;2
58;141;2
58;154;2
58;190;2
58;209;2
58;221;2
58;228;2
58;258;2
58;270;2
58;273;2
59;81;2
59;85;2
59;87;2
59;90;2
59;101;2
59;118;2
59;150;2
59;167;2
59;182;2
59;242;2
60;66;2
60;107;2
60;123;2
60;141;2
60;171;2
60;185;2
60;187;2
60;198;2
60;206;2
60;232;2
60;239;2
60;245;2
60;263;2
60;273;2
60;288;2
62;94;2
63;82;2
63;83;2
63;88;2
63;99;2
63;104;2
63;115;2
63;134;2
63;140;2
63;150;2
64;68;2
64;76;2
64;99;2
64;104;2
64;105;2
64;107;2
64;114;2
64;123;2
64;134;2
64;137;2
64;163;2
64;242;2
64;290;2
65;68;2
65;112;2
65;120;2
65;124;2
65;152;2
65;153;2
65;158;2
65;165;2
65;190;2
65;207;2
65;209;2
65;239;2
65;259;2
65;264;2
65;265;2
65;269;2
65;285;2
67;97;2
67;149;2
67;194;2
68;74;2
68;82;2
68;85;2
68;97;2
68;139;2
68;150;2
68;183;2
68;188;2
68;246;2
69;72;2
69;99;2
69;112;2
69;134;2
69;162;2
69;182;2
69;236;2
70;72;2
70;78;2
70;88;2
70;101;2
70;105;2
70;107;2
70;126;2
70;139;2
70;162;2
70;198;2
70;201;2
70;212;2
70;214;2
70;235;2
70;246;2
71;97;2
71;114;2
71;118;2
71;144;2
71;154;2
71;174;2
71;229;2
72;76;2
72;82;2
72;87;2
72;96;2
72;99;2
72;134;2
72;152;2
72;157;2
72;188;2
72;240;2
72;265;2
73;77;2
73;78;2
73;87;2
73;88;2
73;110;2
73;135;2
73;137;2
73;140;2
73;156;2
73;162;2
73;182;2
73;239;2
73;242;2
73;249;2
73;266;2
75;94;2
75;188;2
76;88;2
76;96;2
76;99;2
76;132;2
76;134;2
76;144;2
76;148;2
76;155;2
76;176;2
76;188;2
76;190;2
76;214;2
76;243;2
76;244;2
76;249;2
76;286;2
77;78;2
77;83;2
77;99;2
77;115;2
77;134;2
77;162;2
77;183;2
77;184;2
77;249;2
78;81;2
78;118;2
78;126;2
78;162;2
78;239;2
78;248;2
78;249;2
78;265;2
79;111;2
79;136;2
79;161;2
79;180;2
79;191;2
79;192;2
79;196;2
79;202;2
79;215;2
79;240;2
79;259;2
79;264;2
79;271;2
79;284;2
80;84;2
80;105;2
80;140;2
80;261;2
80;270;2
81;82;2
81;101;2
81;104;2
81;106;2
81;109;2
81;115;2
81;156;2
81;157;2
81;162;2
81;182;2
81;188;2
81;197;2
81;223;2
81;236;2
81;241;2
81;244;2
81;265;2
82;87;2
82;92;2
82;106;2
82;115;2
82;135;2
82;182;2
82;183;2
82;184;2
82;216;2
82;229;2
82;275;2
83;96;2
83;99;2
83;104;2
83;110;2
83;134;2
83;136;2
83;139;2
83;149;2
83;155;2
83;157;2
83;184;2
83;195;2
83;200;2
83;226;2
83;229;2
83;248;2
83;249;2
83;275;2
84;89;2
84;108;2
84;121;2
84;132;2
84;138;2
84;153;2
84;156;2
84;158;2
84;166;2
84;169;2
84;197;2
84;222;2
84;234;2
84;235;2
84;256;2
84;259;2
84;262;2
84;266;2
84;286;2
84;288;2
84;289;2
85;86;2
85;108;2
85;129;2
85;132;2
85;136;2
85;138;2
85;146;2
85;147;2
85;153;2
85;157;2
85;166;2
85;190;2
85;200;2
85;202;2
85;210;2
85;222;2
85;234;2
85;239;2
85;269;2
85;284;2
85;285;2
86;114;2
86;118;2
86;162;2
86;236;2
87;92;2
87;106;2
87;108;2
87;138;2
87;139;2
87;144;2
87;159;2
87;195;2
87;223;2
87;242;2
87;246;2
87;248;2
87;261;2
87;263;2
88;91;2
88;99;2
88;123;2
88;134;2
88;143;2
88;175;2
88;236;2
88;238;2
89;97;2
89;143;2
90;114;2
90;149;2
90;194;2
90;248;2
90;262;2
91;135;2
91;142;2
91;144;2
91;155;2
91;157;2
91;175;2
91;238;2
91;249;2
91;270;2
91;288;2
92;144;2
92;154;2
92;155;2
92;160;2
92;162;2
92;167;2
92;189;2
92;208;2
92;220;2
92;232;2
92;242;2
92;245;2
92;246;2
94;103;2
94;111;2
94;138;2
94;147;2
94;180;2
94;200;2
94;219;2
94;222;2
94;223;2
94;242;2
94;243;2
94;253;2
94;256;2
94;261;2
96;110;2
96;150;2
96;182;2
96;188;2
96;210;2
96;216;2
96;229;2
96;235;2
96;286;2
96;290;2
97;105;2
97;121;2
97;138;2
97;144;2
97;174;2
97;189;2
97;232;2
97;250;2
97;259;2
97;261;2
99;104;2
99;137;2
99;139;2
99;150;2
99;155;2
99;184;2
99;200;2
99;235;2
99;261;2
99;286;2
101;115;2
101;139;2
101;181;2
101;236;2
101;290;2
102;181;2
102;194;2
104;110;2
104;114;2
104;134;2
104;139;2
104;140;2
104;149;2
104;155;2
104;198;2
104;246;2
104;248;2
104;262;2
104;275;2
104;283;2
105;107;2
105;118;2
105;150;2
105;223;2
105;246;2
105;261;2
105;263;2
106;160;2
106;181;2
106;201;2
106;202;2
106;213;2
106;245;2
106;246;2
106;249;2
106;256;2
107;135;2
107;149;2
107;150;2
107;229;2
108;286;2
110;114;2
110;135;2
110;139;2
110;194;2
110;214;2
110;236;2
110;246;2
111;118;2
112;167;2
112;176;2
114;146;2
114;165;2
114;189;2
114;248;2
114;262;2
114;283;2
114;290;2
115;150;2
115;155;2
115;160;2
115;167;2
115;190;2
115;236;2
117;150;2
117;194;2
117;216;2
117;229;2
117;275;2
118;138;2
118;143;2
118;163;2
118;209;2
118;235;2
118;242;2
118;246;2
118;285;2
120;121;2
120;150;2
120;166;2
120;174;2
120;195;2
120;226;2
120;246;2
122;141;2
126;135;2
126;181;2
126;183;2
126;194;2
126;200;2
129;143;2
129;216;2
129;290;2
130;176;2
130;248;2
132;174;2
134;137;2
134;139;2
134;150;2
134;155;2
134;184;2
134;200;2
134;235;2
134;261;2
134;286;2
135;140;2
135;148;2
135;152;2
135;157;2
135;167;2
135;184;2
135;190;2
135;209;2
135;223;2
135;229;2
135;232;2
135;239;2
135;263;2
135;275;2
137;143;2
137;155;2
137;184;2
137;188;2
137;275;2
138;242;2
139;147;2
139;149;2
139;152;2
139;182;2
139;185;2
139;208;2
139;214;2
139;220;2
139;226;2
139;246;2
139;263;2
139;290;2
140;162;2
140;184;2
140;214;2
140;229;2
140;245;2
143;147;2
143;187;2
143;195;2
143;216;2
143;246;2
143;270;2
143;275;2
143;283;2
144;148;2
144;174;2
146;226;2
146;262;2
147;176;2
147;229;2
147;246;2
148;174;2
148;216;2
148;256;2
149;154;2
149;171;2
149;174;2
149;184;2
149;198;2
149;232;2
149;235;2
149;248;2
149;249;2
149;250;2
149;263;2
149;289;2
150;162;2
150;167;2
150;185;2
150;187;2
150;188;2
150;201;2
150;235;2
150;242;2
150;256;2
150;270;2
150;275;2
150;283;2
151;262;2
152;187;2
152;194;2
153;157;2
153;181;2
153;190;2
153;249;2
155;157;2
155;181;2
155;184;2
155;185;2
155;200;2
155;221;2
155;229;2
155;236;2
156;228;2
157;185;2
157;190;2
157;195;2
158;174;2
159;219;2
159;242;2
160;167;2
162;181;2
162;187;2
162;190;2
162;196;2
162;200;2
162;230;2
163;188;2
163;236;2
165;167;2
165;176;2
165;188;2
165;194;2
165;224;2
165;259;2
167;187;2
167;190;2
167;239;2
167;252;2
174;183;2
174;188;2
174;215;2
175;181;2
176;214;2
176;217;2
176;223;2
176;229;2
176;246;2
176;283;2
176;290;2
181;190;2
181;212;2
181;221;2
181;223;2
182;200;2
182;239;2
182;275;2
183;184;2
183;198;2
183;238;2
183;249;2
183;250;2
183;257;2
184;275;2
185;195;2
187;197;2
187;223;2
188;195;2
188;236;2
188;248;2
188;259;2
188;261;2
189;216;2
189;290;2
194;200;2
194;223;2
194;239;2
194;252;2
194;263;2
195;214;2
195;244;2
197;223;2
200;283;2
201;214;2
201;216;2
201;229;2
208;228;2
209;224;2
210;214;2
210;235;2
214;216;2
214;235;2
214;242;2
216;258;2
216;265;2
220;228;2
226;246;2
229;256;2
229;263;2
229;275;2
235;238;2
236;241;2
236;246;2
236;275;2
239;268;2
261;268;2
262;283;2
1;12;1
1;30;1
1;37;1
1;52;1
1;54;1
1;59;1
1;61;1
1;65;1
1;85;1
1;94;1
1;99;1
1;134;1
1;182;1
1;261;1
2;3;1
2;13;1
2;21;1
2;44;1
2;49;1
2;58;1
2;162;1
2;185;1
2;236;1
3;35;1
3;50;1
3;57;1
3;61;1
3;74;1
3;95;1
3;100;1
3;109;1
3;113;1
3;119;1
3;121;1
3;125;1
3;128;1
3;133;1
3;136;1
3;145;1
3;146;1
3;151;1
3;168;1
3;169;1
3;170;1
3;171;1
3;178;1
3;186;1
3;193;1
3;206;1
3;210;1
3;218;1
3;238;1
3;243;1
3;247;1
3;250;1
3;255;1
3;260;1
3;266;1
3;268;1
3;273;1
3;276;1
3;277;1
3;278;1
3;279;1
3;280;1
3;286;1
4;25;1
4;32;1
4;39;1
4;77;1
4;79;1
4;97;1
4;126;1
4;135;1
4;200;1
5;12;1
5;15;1
5;19;1
5;26;1
5;36;1
5;40;1
5;48;1
5;55;1
5;63;1
5;64;1
5;78;1
5;81;1
5;87;1
5;88;1
5;94;1
5;96;1
5;104;1
5;107;1
5;137;1
5;152;1
5;176;1
5;183;1
5;187;1
5;188;1
5;194;1
5;197;1
5;201;1
5;209;1
5;212;1
5;213;1
5;214;1
5;223;1
5;236;1
5;248;1
5;265;1
6;20;1
6;26;1
6;34;1
6;40;1
6;45;1
6;55;1
6;61;1
6;63;1
6;64;1
6;76;1
6;77;1
6;88;1
6;89;1
6;99;1
6;104;1
6;107;1
6;111;1
6;118;1
6;120;1
6;121;1
6;130;1
6;132;1
6;134;1
6;139;1
6;144;1
6;152;1
6;157;1
6;162;1
6;189;1
6;194;1
6;195;1
6;197;1
6;201;1
6;213;1
6;214;1
6;223;1
6;236;1
6;257;1
6;268;1
6;286;1
7;11;1
7;12;1
7;26;1
7;31;1
7;33;1
7;58;1
7;65;1
7;73;1
7;75;1
7;81;1
7;88;1
7;96;1
7;108;1
7;118;1
7;129;1
7;155;1
7;161;1
7;167;1
7;175;1
7;182;1
7;200;1
7;206;1
7;214;1
7;236;1
7;276;1
7;283;1
8;13;1
8;17;1
8;26;1
8;31;1
8;32;1
8;64;1
8;68;1
8;88;1
8;99;1
8;108;1
8;111;1
8;134;1
8;160;1
8;166;1
8;238;1
8;244;1
8;249;1
8;286;1
9;12;1
9;35;1
9;51;1
9;56;1
9;57;1
9;63;1
9;64;1
9;69;1
9;77;1
9;78;1
9;88;1
9;104;1
9;135;1
9;139;1
9;140;1
9;157;1
9;159;1
9;160;1
9;163;1
9;169;1
9;189;1
9;200;1
9;232;1
9;238;1
9;242;1
9;244;1
9;249;1
9;255;1
9;257;1
9;275;1
9;286;1
10;13;1
10;15;1
10;37;1
10;45;1
10;56;1
10;62;1
10;69;1
10;73;1
10;83;1
10;87;1
10;106;1
10;110;1
10;125;1
10;126;1
10;139;1
10;174;1
10;176;1
10;182;1
10;195;1
10;229;1
10;232;1
10;278;1
10;290;1
11;18;1
11;21;1
11;26;1
11;27;1
11;29;1
11;36;1
11;43;1
11;49;1
11;51;1
11;60;1
11;70;1
11;83;1
11;85;1
11;92;1
11;96;1
11;106;1
11;118;1
11;126;1
11;140;1
11;149;1
11;163;1
11;167;1
11;175;1
11;182;1
11;194;1
11;214;1
11;232;1
11;262;1
11;263;1
11;275;1
11;283;1
12;14;1
12;15;1
12;23;1
12;31;1
12;34;1
12;37;1
12;38;1
12;61;1
12;62;1
12;63;1
12;66;1
12;71;1
12;73;1
12;76;1
12;78;1
12;82;1
12;88;1
12;95;1
12;96;1
12;105;1
12;106;1
12;108;1
12;112;1
12;124;1
12;135;1
12;137;1
12;161;1
12;162;1
12;166;1
12;171;1
12;178;1
12;184;1
12;189;1
12;195;1
12;219;1
12;232;1
12;234;1
12;235;1
12;246;1
12;248;1
12;254;1
12;268;1
12;269;1
13;15;1
13;23;1
13;34;1
13;36;1
13;47;1
13;52;1
13;55;1
13;68;1
13;69;1
13;71;1
13;88;1
13;90;1
13;101;1
13;102;1
13;108;1
13;112;1
13;121;1
13;126;1
13;131;1
13;137;1
13;155;1
13;159;1
13;160;1
13;185;1
13;189;1
13;190;1
13;192;1
13;197;1
13;201;1
13;209;1
13;226;1
13;242;1
13;243;1
13;246;1
13;257;1
13;283;1
13;290;1
14;27;1
14;29;1
14;32;1
14;34;1
14;38;1
14;56;1
14;58;1
14;66;1
14;76;1
14;77;1
14;95;1
14;97;1
14;118;1
14;120;1
14;234;1
14;262;1
14;283;1
15;40;1
15;49;1
15;69;1
15;70;1
15;81;1
15;82;1
15;91;1
15;96;1
15;97;1
15;101;1
15;114;1
15;129;1
15;143;1
15;147;1
15;149;1
15;150;1
15;181;1
15;194;1
15;195;1
15;212;1
15;216;1
15;229;1
15;232;1
15;245;1
15;290;1
16;30;1
16;34;1
16;40;1
16;41;1
16;48;1
16;50;1
16;54;1
16;57;1
16;75;1
16;103;1
16;105;1
16;126;1
16;129;1
16;161;1
16;167;1
16;174;1
16;196;1
16;206;1
16;208;1
16;220;1
16;222;1
16;228;1
16;235;1
16;241;1
16;244;1
16;246;1
16;250;1
16;251;1
16;253;1
16;257;1
16;258;1
17;18;1
17;19;1
17;26;1
17;28;1
17;30;1
17;36;1
17;38;1
17;40;1
17;43;1
17;48;1
17;54;1
17;56;1
17;59;1
17;71;1
17;73;1
17;77;1
17;78;1
17;81;1
17;82;1
17;90;1
17;105;1
17;112;1
17;117;1
17;120;1
17;126;1
17;136;1
17;137;1
17;146;1
17;147;1
17;150;1
17;151;1
17;153;1
17;157;1
17;158;1
17;176;1
17;185;1
17;208;1
17;209;1
17;216;1
17;220;1
17;221;1
17;245;1
17;246;1
17;250;1
17;257;1
17;268;1
17;269;1
17;275;1
17;283;1
17;288;1
18;45;1
18;47;1
18;53;1
18;76;1
18;77;1
18;88;1
18;89;1
18;96;1
18;120;1
18;129;1
18;141;1
18;144;1
18;148;1
18;154;1
18;155;1
18;163;1
18;180;1
18;182;1
18;195;1
18;197;1
18;204;1
18;215;1
18;218;1
18;235;1
18;237;1
18;256;1
18;257;1
18;259;1
18;263;1
18;269;1
19;22;1
19;33;1
19;37;1
19;43;1
19;50;1
19;70;1
19;81;1
19;82;1
19;87;1
19;92;1
19;96;1
19;106;1
19;115;1
19;149;1
19;196;1
19;200;1
19;214;1
19;236;1
19;286;1
20;30;1
20;38;1
20;39;1
20;49;1
20;83;1
20;84;1
20;94;1
20;112;1
20;135;1
20;162;1
20;165;1
20;167;1
20;176;1
20;181;1
20;182;1
20;184;1
20;216;1
20;224;1
20;236;1
21;25;1
21;31;1
21;41;1
21;52;1
21;62;1
21;66;1
21;71;1
21;80;1
21;89;1
21;95;1
21;105;1
21;112;1
21;123;1
21;127;1
21;129;1
21;146;1
21;151;1
21;159;1
21;165;1
21;171;1
21;175;1
21;184;1
21;189;1
21;197;1
21;202;1
21;209;1
21;219;1
21;221;1
21;226;1
21;242;1
21;245;1
21;251;1
21;275;1
21;283;1
21;285;1
21;288;1
22;23;1
22;37;1
22;39;1
22;44;1
22;84;1
22;85;1
22;92;1
22;94;1
22;97;1
22;118;1
22;149;1
22;284;1
23;36;1
23;41;1
23;55;1
23;57;1
23;69;1
23;75;1
23;102;1
23;105;1
23;108;1
23;112;1
23;121;1
23;123;1
23;137;1
23;147;1
23;157;1
23;181;1
23;201;1
23;208;1
23;209;1
23;210;1
23;220;1
23;221;1
23;228;1
23;242;1
23;244;1
23;248;1
23;254;1
23;256;1
23;265;1
23;266;1
23;269;1
23;271;1
23;273;1
23;283;1
23;290;1
24;27;1
24;34;1
24;36;1
24;37;1
24;41;1
24;46;1
24;50;1
24;63;1
24;68;1
24;71;1
24;78;1
24;92;1
24;93;1
24;102;1
24;103;1
24;111;1
24;129;1
24;144;1
24;147;1
24;160;1
24;169;1
24;171;1
24;176;1
24;190;1
24;200;1
24;222;1
24;226;1
24;232;1
24;235;1
24;244;1
24;246;1
24;248;1
24;257;1
24;263;1
24;264;1
24;276;1
24;283;1
25;34;1
25;36;1
25;39;1
25;44;1
25;60;1
25;65;1
25;78;1
25;84;1
25;97;1
25;126;1
25;135;1
25;155;1
25;176;1
25;200;1
26;30;1
26;37;1
26;38;1
26;40;1
26;43;1
26;47;1
26;48;1
26;53;1
26;56;1
26;59;1
26;78;1
26;82;1
26;83;1
26;87;1
26;88;1
26;90;1
26;91;1
26;92;1
26;104;1
26;107;1
26;112;1
26;115;1
26;118;1
26;149;1
26;156;1
26;157;1
26;166;1
26;167;1
26;207;1
26;217;1
26;226;1
26;239;1
26;251;1
26;268;1
26;269;1
26;275;1
26;287;1
26;289;1
26;290;1
27;31;1
27;34;1
27;40;1
27;46;1
27;50;1
27;59;1
27;68;1
27;80;1
27;90;1
27;91;1
27;103;1
27;130;1
27;152;1
27;154;1
27;157;1
27;158;1
27;164;1
27;165;1
27;166;1
27;172;1
27;212;1
27;214;1
27;218;1
27;239;1
27;242;1
27;245;1
27;252;1
27;261;1
27;263;1
27;264;1
27;266;1
27;272;1
27;278;1
28;81;1
28;87;1
28;104;1
28;105;1
28;137;1
28;139;1
28;148;1
28;153;1
28;154;1
28;159;1
28;162;1
28;174;1
28;187;1
28;194;1
28;201;1
28;236;1
29;35;1
29;46;1
29;67;1
29;75;1
29;80;1
29;86;1
29;89;1
29;100;1
29;103;1
29;117;1
29;122;1
29;141;1
29;153;1
29;157;1
29;161;1
29;163;1
29;193;1
29;208;1
29;210;1
29;212;1
29;220;1
29;222;1
29;234;1
29;235;1
29;237;1
29;238;1
29;243;1
29;244;1
29;247;1
29;256;1
29;258;1
29;259;1
29;260;1
29;262;1
29;264;1
29;265;1
29;266;1
29;269;1
29;273;1
29;283;1
29;287;1
30;34;1
30;37;1
30;38;1
30;56;1
30;64;1
30;71;1
30;72;1
30;73;1
30;77;1
30;78;1
30;80;1
30;89;1
30;91;1
30;92;1
30;99;1
30;102;1
30;103;1
30;104;1
30;105;1
30;107;1
30;110;1
30;120;1
30;130;1
30;134;1
30;135;1
30;140;1
30;148;1
30;153;1
30;155;1
30;167;1
30;184;1
30;185;1
30;187;1
30;188;1
30;190;1
30;195;1
30;197;1
30;201;1
30;215;1
30;216;1
30;223;1
30;226;1
30;239;1
30;246;1
30;249;1
30;251;1
30;286;1
31;49;1
31;56;1
31;71;1
31;73;1
31;75;1
31;82;1
31;83;1
31;87;1
31;96;1
31;97;1
31;99;1
31;101;1
31;102;1
31;108;1
31;115;1
31;118;1
31;126;1
31;130;1
31;134;1
31;143;1
31;166;1
31;167;1
31;195;1
31;214;1
31;223;1
31;236;1
31;249;1
31;270;1
31;283;1
31;290;1
32;35;1
32;40;1
32;46;1
32;52;1
32;67;1
32;74;1
32;86;1
32;89;1
32;109;1
32;111;1
32;113;1
32;121;1
32;122;1
32;130;1
32;141;1
32;144;1
32;146;1
32;151;1
32;159;1
32;161;1
32;165;1
32;179;1
32;190;1
32;193;1
32;198;1
32;208;1
32;210;1
32;212;1
32;220;1
32;225;1
32;234;1
32;235;1
32;237;1
32;238;1
32;241;1
32;250;1
32;254;1
32;256;1
32;273;1
32;283;1
33;46;1
33;47;1
33;59;1
33;61;1
33;80;1
33;86;1
33;102;1
33;111;1
33;121;1
33;123;1
33;126;1
33;129;1
33;130;1
33;132;1
33;138;1
33;152;1
33;155;1
33;165;1
33;190;1
33;191;1
33;197;1
33;198;1
33;199;1
33;207;1
33;209;1
33;210;1
33;213;1
33;217;1
33;218;1
33;221;1
33;235;1
33;237;1
33;250;1
33;262;1
33;266;1
33;284;1
33;286;1
33;287;1
34;51;1
34;54;1
34;69;1
34;81;1
34;87;1
34;96;1
34;101;1
34;104;1
34;112;1
34;130;1
34;138;1
34;139;1
34;143;1
34;144;1
34;148;1
34;149;1
34;159;1
34;166;1
34;181;1
34;184;1
34;195;1
34;200;1
34;214;1
34;216;1
34;234;1
34;252;1
34;262;1
34;275;1
34;278;1
35;57;1
35;60;1
35;75;1
35;79;1
36;40;1
36;48;1
36;49;1
36;68;1
36;70;1
36;74;1
36;77;1
36;87;1
36;96;1
36;99;1
36;101;1
36;102;1
36;105;1
36;112;1
36;115;1
36;120;1
36;134;1
36;135;1
36;144;1
36;148;1
36;154;1
36;155;1
36;156;1
36;166;1
36;167;1
36;174;1
36;176;1
36;197;1
36;245;1
36;263;1
36;269;1
37;45;1
37;46;1
37;47;1
37;54;1
37;57;1
37;69;1
37;80;1
37;88;1
37;89;1
37;91;1
37;117;1
37;132;1
37;137;1
37;141;1
37;146;1
37;151;1
37;154;1
37;159;1
37;160;1
37;162;1
37;165;1
37;171;1
37;172;1
37;182;1
37;185;1
37;200;1
37;201;1
37;218;1
37;221;1
37;225;1
37;226;1
37;243;1
37;246;1
37;251;1
37;256;1
37;269;1
37;275;1
37;283;1
37;290;1
38;51;1
38;55;1
38;63;1
38;77;1
38;81;1
38;83;1
38;114;1
38;140;1
38;144;1
38;174;1
38;182;1
38;188;1
38;209;1
38;216;1
38;218;1
38;224;1
38;226;1
38;239;1
38;242;1
38;248;1
38;257;1
38;263;1
38;277;1
39;53;1
39;61;1
39;62;1
39;75;1
39;93;1
39;109;1
39;111;1
39;119;1
39;121;1
39;122;1
39;131;1
39;136;1
39;138;1
39;145;1
39;146;1
39;156;1
39;158;1
39;160;1
39;161;1
39;165;1
39;180;1
39;187;1
39;191;1
39;196;1
39;198;1
39;199;1
39;204;1
39;210;1
39;211;1
39;230;1
39;237;1
39;243;1
39;250;1
39;251;1
39;263;1
39;271;1
39;274;1
39;280;1
39;282;1
39;286;1
39;287;1
39;288;1
39;289;1
40;47;1
40;49;1
40;54;1
40;56;1
40;59;1
40;63;1
40;69;1
40;70;1
40;72;1
40;76;1
40;82;1
40;87;1
40;96;1
40;101;1
40;104;1
40;105;1
40;120;1
40;135;1
40;149;1
40;150;1
40;159;1
40;166;1
40;167;1
40;187;1
40;195;1
40;242;1
40;249;1
40;262;1
40;275;1
40;283;1
41;58;1
41;91;1
41;94;1
42;53;1
42;93;1
42;100;1
42;113;1
42;116;1
42;125;1
42;127;1
42;128;1
42;145;1
42;161;1
42;164;1
42;172;1
42;173;1
42;177;1
42;179;1
42;186;1
42;193;1
42;203;1
42;204;1
42;211;1
42;225;1
42;231;1
42;247;1
42;253;1
42;255;1
42;260;1
42;267;1
42;272;1
42;274;1
42;276;1
42;277;1
42;278;1
42;279;1
42;280;1
42;281;1
42;282;1
43;46;1
43;47;1
43;68;1
43;71;1
43;82;1
43;87;1
43;89;1
43;99;1
43;100;1
43;101;1
43;110;1
43;124;1
43;126;1
43;130;1
43;134;1
43;147;1
43;152;1
43;154;1
43;159;1
43;166;1
43;175;1
43;179;1
43;181;1
43;185;1
43;187;1
43;189;1
43;193;1
43;197;1
43;209;1
43;212;1
43;214;1
43;216;1
43;221;1
43;226;1
43;233;1
43;241;1
43;242;1
43;262;1
43;263;1
43;265;1
43;266;1
43;271;1
43;286;1
44;50;1
44;62;1
44;66;1
44;95;1
44;100;1
44;113;1
44;125;1
44;128;1
44;131;1
44;136;1
44;141;1
44;168;1
44;170;1
44;173;1
44;179;1
44;186;1
44;193;1
44;199;1
44;203;1
44;204;1
44;206;1
44;210;1
44;211;1
44;224;1
44;225;1
44;228;1
44;233;1
44;240;1
44;255;1
44;259;1
44;271;1
44;272;1
44;277;1
44;278;1
44;279;1
44;282;1
44;289;1
45;47;1
45;51;1
45;64;1
45;66;1
45;69;1
45;71;1
45;76;1
45;77;1
45;87;1
45;88;1
45;92;1
45;105;1
45;106;1
45;115;1
45;117;1
45;118;1
45;120;1
45;139;1
45;150;1
45;151;1
45;154;1
45;159;1
45;180;1
45;181;1
45;182;1
45;185;1
45;188;1
45;206;1
45;226;1
45;242;1
45;244;1
45;248;1
45;262;1
45;264;1
45;275;1
45;289;1
46;56;1
46;58;1
46;63;1
46;65;1
46;70;1
46;85;1
46;92;1
46;93;1
46;106;1
46;139;1
46;195;1
46;236;1
46;248;1
46;263;1
47;48;1
47;61;1
47;71;1
47;76;1
47;78;1
47;80;1
47;83;1
47;88;1
47;89;1
47;96;1
47;99;1
47;104;1
47;105;1
47;106;1
47;107;1
47;118;1
47;121;1
47;132;1
47;134;1
47;135;1
47;139;1
47;143;1
47;146;1
47;148;1
47;152;1
47;157;1
47;167;1
47;174;1
47;187;1
47;189;1
47;194;1
47;197;1
47;201;1
47;213;1
47;214;1
47;223;1
47;229;1
47;245;1
47;246;1
47;252;1
47;256;1
47;290;1
48;55;1
48;56;1
48;67;1
48;69;1
48;70;1
48;76;1
48;82;1
48;88;1
48;96;1
48;99;1
48;118;1
48;132;1
48;134;1
48;135;1
48;140;1
48;148;1
48;158;1
48;174;1
48;181;1
48;183;1
48;187;1
48;191;1
48;194;1
48;210;1
48;214;1
48;232;1
48;233;1
48;261;1
48;290;1
49;52;1
49;55;1
49;63;1
49;80;1
49;82;1
49;89;1
49;107;1
49;117;1
49;122;1
49;127;1
49;128;1
49;130;1
49;141;1
49;153;1
49;160;1
49;163;1
49;165;1
49;171;1
49;189;1
49;197;1
49;209;1
49;218;1
49;223;1
49;229;1
49;235;1
49;238;1
49;248;1
49;254;1
49;257;1
49;268;1
49;275;1
49;276;1
49;283;1
49;288;1
49;290;1
50;58;1
50;64;1
50;79;1
50;91;1
51;68;1
51;69;1
51;73;1
51;88;1
51;90;1
51;91;1
51;92;1
51;96;1
51;106;1
51;110;1
51;117;1
51;122;1
51;124;1
51;135;1
51;141;1
51;144;1
51;147;1
51;153;1
51;154;1
51;156;1
51;157;1
51;162;1
51;174;1
51;176;1
51;187;1
51;195;1
51;200;1
51;201;1
51;216;1
51;239;1
51;240;1
51;246;1
51;262;1
51;263;1
51;265;1
51;275;1
51;283;1
51;287;1
51;290;1
52;54;1
52;81;1
52;84;1
52;110;1
52;114;1
52;139;1
52;140;1
52;162;1
52;183;1
52;195;1
52;223;1
52;236;1
52;244;1
52;246;1
52;248;1
52;286;1
53;79;1
53;81;1
53;149;1
53;181;1
54;68;1
54;71;1
54;72;1
54;76;1
54;78;1
54;96;1
54;97;1
54;99;1
54;102;1
54;107;1
54;109;1
54;117;1
54;120;1
54;134;1
54;135;1
54;149;1
54;152;1
54;156;1
54;158;1
54;163;1
54;166;1
54;176;1
54;181;1
54;182;1
54;200;1
54;201;1
54;214;1
54;216;1
54;226;1
54;245;1
54;251;1
54;257;1
54;264;1
54;268;1
55;60;1
55;64;1
55;84;1
55;91;1
55;94;1
55;96;1
55;99;1
55;104;1
55;105;1
55;112;1
55;134;1
55;138;1
55;149;1
55;171;1
55;183;1
55;185;1
55;189;1
55;210;1
55;214;1
55;216;1
56;59;1
56;69;1
56;73;1
56;78;1
56;83;1
56;87;1
56;91;1
56;93;1
56;105;1
56;109;1
56;112;1
56;115;1
56;129;1
56;130;1
56;146;1
56;150;1
56;157;1
56;159;1
56;163;1
56;181;1
56;182;1
56;187;1
56;189;1
56;193;1
56;194;1
56;195;1
56;199;1
56;201;1
56;212;1
56;221;1
56;239;1
56;251;1
56;258;1
56;268;1
56;283;1
57;58;1
57;75;1
57;91;1
57;92;1
57;94;1
57;120;1
58;67;1
58;74;1
58;75;1
58;86;1
58;98;1
58;100;1
58;103;1
58;121;1
58;123;1
58;128;1
58;130;1
58;131;1
58;132;1
58;146;1
58;152;1
58;160;1
58;161;1
58;166;1
58;172;1
58;178;1
58;180;1
58;187;1
58;197;1
58;213;1
58;230;1
58;238;1
58;240;1
58;253;1
58;257;1
58;264;1
58;268;1
58;277;1
58;282;1
58;285;1
58;287;1
58;288;1
59;61;1
59;64;1
59;69;1
59;73;1
59;80;1
59;86;1
59;99;1
59;102;1
59;109;1
59;115;1
59;134;1
59;143;1
59;148;1
59;149;1
59;174;1
59;195;1
59;216;1
59;263;1
60;61;1
60;69;1
60;75;1
60;89;1
60;108;1
60;122;1
60;126;1
60;128;1
60;130;1
60;152;1
60;153;1
60;154;1
60;160;1
60;169;1
60;175;1
60;178;1
60;179;1
60;192;1
60;199;1
60;208;1
60;217;1
60;220;1
60;223;1
60;233;1
60;234;1
60;235;1
60;238;1
60;243;1
60;254;1
60;256;1
60;257;1
60;258;1
60;264;1
60;266;1
60;271;1
60;277;1
60;286;1
60;290;1
61;70;1
61;84;1
61;148;1
61;154;1
61;261;1
62;63;1
62;65;1
62;73;1
62;84;1
62;104;1
62;108;1
62;140;1
62;167;1
62;183;1
62;212;1
62;248;1
62;263;1
63;71;1
63;72;1
63;76;1
63;96;1
63;101;1
63;105;1
63;106;1
63;110;1
63;120;1
63;138;1
63;143;1
63;152;1
63;155;1
63;167;1
63;180;1
63;181;1
63;182;1
63;184;1
63;189;1
63;194;1
63;198;1
63;212;1
63;229;1
63;242;1
63;248;1
63;261;1
63;263;1
63;273;1
63;290;1
64;69;1
64;74;1
64;80;1
64;82;1
64;87;1
64;89;1
64;101;1
64;102;1
64;108;1
64;110;1
64;118;1
64;126;1
64;132;1
64;139;1
64;144;1
64;146;1
64;148;1
64;153;1
64;157;1
64;158;1
64;162;1
64;167;1
64;174;1
64;175;1
64;176;1
64;179;1
64;187;1
64;188;1
64;195;1
64;198;1
64;199;1
64;209;1
64;216;1
64;218;1
64;226;1
64;245;1
64;246;1
64;261;1
64;275;1
64;286;1
65;67;1
65;80;1
65;86;1
65;95;1
65;103;1
65;108;1
65;109;1
65;130;1
65;131;1
65;132;1
65;133;1
65;142;1
65;146;1
65;147;1
65;151;1
65;161;1
65;171;1
65;174;1
65;178;1
65;185;1
65;193;1
65;197;1
65;198;1
65;210;1
65;213;1
65;219;1
65;235;1
65;243;1
65;268;1
65;270;1
65;273;1
65;274;1
66;79;1
66;85;1
66;95;1
66;97;1
66;118;1
66;120;1
66;149;1
66;234;1
66;246;1
67;69;1
67;79;1
67;83;1
67;94;1
67;114;1
67;115;1
67;118;1
67;126;1
67;135;1
67;137;1
67;181;1
68;71;1
68;91;1
68;98;1
68;99;1
68;101;1
68;102;1
68;106;1
68;115;1
68;117;1
68;124;1
68;134;1
68;135;1
68;149;1
68;158;1
68;174;1
68;229;1
68;233;1
68;261;1
68;265;1
69;71;1
69;73;1
69;78;1
69;81;1
69;90;1
69;91;1
69;92;1
69;104;1
69;126;1
69;129;1
69;135;1
69;137;1
69;150;1
69;157;1
69;159;1
69;176;1
69;185;1
69;187;1
69;223;1
69;246;1
69;290;1
70;71;1
70;82;1
70;89;1
70;113;1
70;115;1
70;117;1
70;121;1
70;122;1
70;123;1
70;129;1
70;141;1
70;146;1
70;151;1
70;152;1
70;156;1
70;158;1
70;161;1
70;166;1
70;171;1
70;176;1
70;178;1
70;208;1
70;213;1
70;220;1
70;223;1
70;226;1
70;239;1
70;240;1
70;243;1
70;245;1
70;249;1
70;257;1
70;265;1
70;268;1
70;270;1
70;273;1
70;285;1
71;73;1
71;83;1
71;88;1
71;90;1
71;96;1
71;99;1
71;101;1
71;104;1
71;110;1
71;120;1
71;134;1
71;135;1
71;140;1
71;150;1
71;158;1
71;176;1
71;183;1
71;187;1
71;189;1
71;232;1
71;236;1
71;242;1
71;245;1
71;248;1
71;251;1
71;256;1
71;275;1
72;73;1
72;77;1
72;89;1
72;90;1
72;91;1
72;92;1
72;107;1
72;112;1
72;124;1
72;132;1
72;137;1
72;139;1
72;144;1
72;147;1
72;153;1
72;154;1
72;156;1
72;174;1
72;176;1
72;184;1
72;185;1
72;195;1
72;197;1
72;208;1
72;209;1
72;220;1
72;223;1
72;227;1
72;243;1
72;256;1
72;259;1
72;263;1
72;275;1
72;283;1
72;290;1
73;76;1
73;90;1
73;91;1
73;115;1
73;118;1
73;130;1
73;139;1
73;144;1
73;148;1
73;152;1
73;158;1
73;165;1
73;167;1
73;172;1
73;175;1
73;184;1
73;185;1
73;188;1
73;189;1
73;198;1
73;201;1
73;212;1
73;236;1
73;248;1
73;252;1
73;263;1
73;265;1
73;273;1
73;275;1
73;283;1
73;286;1
73;290;1
74;79;1
74;94;1
74;106;1
74;140;1
75;85;1
75;96;1
75;214;1
76;80;1
76;82;1
76;98;1
76;110;1
76;112;1
76;115;1
76;138;1
76;140;1
76;153;1
76;157;1
76;158;1
76;163;1
76;178;1
76;182;1
76;184;1
76;185;1
76;187;1
76;208;1
76;213;1
76;220;1
76;221;1
76;228;1
76;232;1
76;241;1
76;248;1
76;262;1
76;265;1
76;278;1
77;80;1
77;82;1
77;91;1
77;92;1
77;96;1
77;104;1
77;105;1
77;120;1
77;132;1
77;137;1
77;140;1
77;144;1
77;157;1
77;159;1
77;163;1
77;180;1
77;182;1
77;185;1
77;187;1
77;188;1
77;198;1
77;201;1
77;214;1
77;216;1
77;236;1
77;244;1
77;246;1
77;252;1
77;261;1
77;269;1
77;285;1
77;287;1
77;290;1
78;96;1
78;101;1
78;110;1
78;120;1
78;121;1
78;129;1
78;137;1
78;138;1
78;143;1
78;155;1
78;184;1
78;188;1
78;195;1
78;201;1
78;221;1
78;223;1
78;242;1
78;262;1
78;263;1
78;278;1
79;100;1
79;113;1
79;116;1
79;125;1
79;127;1
79;128;1
79;131;1
79;133;1
79;169;1
79;173;1
79;179;1
79;186;1
79;199;1
79;203;1
79;204;1
79;205;1
79;206;1
79;210;1
79;211;1
79;213;1
79;217;1
79;225;1
79;228;1
79;230;1
79;231;1
79;233;1
79;238;1
79;247;1
79;253;1
79;255;1
79;260;1
79;266;1
79;267;1
79;272;1
79;279;1
79;282;1
79;289;1
80;81;1
80;83;1
80;92;1
80;147;1
80;154;1
80;194;1
80;195;1
80;219;1
80;254;1
80;256;1
80;275;1
80;283;1
81;90;1
81;96;1
81;98;1
81;100;1
81;105;1
81;120;1
81;126;1
81;130;1
81;132;1
81;154;1
81;159;1
81;163;1
81;174;1
81;181;1
81;192;1
81;193;1
81;201;1
81;203;1
81;209;1
81;214;1
81;221;1
81;226;1
81;245;1
81;248;1
81;249;1
81;259;1
81;261;1
81;270;1
81;271;1
81;275;1
81;286;1
82;88;1
82;107;1
82;108;1
82;114;1
82;116;1
82;120;1
82;176;1
82;188;1
82;194;1
82;195;1
82;200;1
82;201;1
82;213;1
82;214;1
82;232;1
82;242;1
82;246;1
82;269;1
82;283;1
83;88;1
83;89;1
83;91;1
83;95;1
83;117;1
83;128;1
83;133;1
83;137;1
83;147;1
83;154;1
83;158;1
83;174;1
83;176;1
83;182;1
83;188;1
83;201;1
83;209;1
83;213;1
83;214;1
83;235;1
83;239;1
83;244;1
83;254;1
83;256;1
83;259;1
83;263;1
83;265;1
83;273;1
83;286;1
84;86;1
84;109;1
84;113;1
84;122;1
84;124;1
84;125;1
84;126;1
84;128;1
84;154;1
84;161;1
84;164;1
84;175;1
84;178;1
84;187;1
84;190;1
84;196;1
84;198;1
84;206;1
84;208;1
84;215;1
84;220;1
84;232;1
84;243;1
84;250;1
84;258;1
84;268;1
84;270;1
84;271;1
84;273;1
84;277;1
84;278;1
84;285;1
85;103;1
85;105;1
85;112;1
85;119;1
85;121;1
85;127;1
85;130;1
85;131;1
85;152;1
85;156;1
85;160;1
85;168;1
85;169;1
85;171;1
85;173;1
85;196;1
85;198;1
85;206;1
85;225;1
85;230;1
85;241;1
85;244;1
85;251;1
85;255;1
85;257;1
85;268;1
85;276;1
85;282;1
85;283;1
85;289;1
86;94;1
86;97;1
86;98;1
86;99;1
86;115;1
86;122;1
86;134;1
86;135;1
86;139;1
86;216;1
86;242;1
86;275;1
87;88;1
87;104;1
87;105;1
87;112;1
87;115;1
87;126;1
87;129;1
87;142;1
87;147;1
87;160;1
87;171;1
87;185;1
87;188;1
87;190;1
87;194;1
87;196;1
87;212;1
87;226;1
87;232;1
87;239;1
87;249;1
87;251;1
87;268;1
87;270;1
88;89;1
88;92;1
88;96;1
88;104;1
88;106;1
88;107;1
88;110;1
88;112;1
88;139;1
88;149;1
88;150;1
88;154;1
88;161;1
88;162;1
88;169;1
88;189;1
88;197;1
88;200;1
88;201;1
88;213;1
88;235;1
88;242;1
88;246;1
88;290;1
89;92;1
89;94;1
89;104;1
89;105;1
89;110;1
89;150;1
89;167;1
89;183;1
89;195;1
89;216;1
89;244;1
89;246;1
90;99;1
90;101;1
90;102;1
90;104;1
90;134;1
90;146;1
90;151;1
90;171;1
90;181;1
90;195;1
90;239;1
90;242;1
90;246;1
90;249;1
90;256;1
90;263;1
90;269;1
90;274;1
90;285;1
91;92;1
91;104;1
91;111;1
91;126;1
91;129;1
91;143;1
91;145;1
91;160;1
91;163;1
91;194;1
91;217;1
91;229;1
91;232;1
91;244;1
91;246;1
91;254;1
91;257;1
91;261;1
91;264;1
91;276;1
91;283;1
92;102;1
92;112;1
92;117;1
92;132;1
92;137;1
92;141;1
92;146;1
92;151;1
92;153;1
92;157;1
92;159;1
92;163;1
92;165;1
92;171;1
92;172;1
92;184;1
92;185;1
92;190;1
92;197;1
92;225;1
92;229;1
92;230;1
92;243;1
92;248;1
92;251;1
92;256;1
92;261;1
92;262;1
92;263;1
92;269;1
92;275;1
92;283;1
92;285;1
92;290;1
94;121;1
94;123;1
94;124;1
94;127;1
94;132;1
94;154;1
94;156;1
94;166;1
94;168;1
94;175;1
94;191;1
94;198;1
94;207;1
94;208;1
94;213;1
94;217;1
94;220;1
94;228;1
94;230;1
94;240;1
94;241;1
94;245;1
94;250;1
94;251;1
94;254;1
94;271;1
94;284;1
95;97;1
95;114;1
95;118;1
95;120;1
95;133;1
95;149;1
95;188;1
95;234;1
96;108;1
96;112;1
96;126;1
96;129;1
96;130;1
96;163;1
96;190;1
96;200;1
96;201;1
96;218;1
96;221;1
96;232;1
96;238;1
96;245;1
96;246;1
96;248;1
96;254;1
96;270;1
97;100;1
97;107;1
97;108;1
97;111;1
97;117;1
97;123;1
97;128;1
97;129;1
97;131;1
97;146;1
97;148;1
97;151;1
97;152;1
97;153;1
97;156;1
97;157;1
97;162;1
97;171;1
97;173;1
97;184;1
97;185;1
97;187;1
97;190;1
97;207;1
97;213;1
97;217;1
97;223;1
97;226;1
97;228;1
97;234;1
97;245;1
97;246;1
97;248;1
97;249;1
97;262;1
97;270;1
97;278;1
97;287;1
97;289;1
97;290;1
98;101;1
98;102;1
98;122;1
98;131;1
98;139;1
98;176;1
98;181;1
98;182;1
98;188;1
98;194;1
98;226;1
98;249;1
98;290;1
99;101;1
99;105;1
99;124;1
99;126;1
99;129;1
99;153;1
99;156;1
99;157;1
99;174;1
99;182;1
99;185;1
99;188;1
99;190;1
99;192;1
99;195;1
99;209;1
99;210;1
99;241;1
99;242;1
99;254;1
99;271;1
100;124;1
100;139;1
101;104;1
101;106;1
101;129;1
101;134;1
101;135;1
101;140;1
101;143;1
101;147;1
101;149;1
101;155;1
101;159;1
101;167;1
101;176;1
101;189;1
101;195;1
101;200;1
101;216;1
101;239;1
101;242;1
101;245;1
101;249;1
101;252;1
101;273;1
102;106;1
102;117;1
102;118;1
102;143;1
102;147;1
102;155;1
102;176;1
102;195;1
102;200;1
102;236;1
102;242;1
102;262;1
103;149;1
103;150;1
103;176;1
104;106;1
104;107;1
104;112;1
104;117;1
104;121;1
104;158;1
104;162;1
104;165;1
104;167;1
104;171;1
104;172;1
104;174;1
104;181;1
104;183;1
104;187;1
104;197;1
104;201;1
104;213;1
104;223;1
104;229;1
104;232;1
104;241;1
104;242;1
104;244;1
104;261;1
104;285;1
105;106;1
105;112;1
105;117;1
105;120;1
105;134;1
105;140;1
105;147;1
105;154;1
105;158;1
105;162;1
105;175;1
105;187;1
105;189;1
105;194;1
105;197;1
105;198;1
105;229;1
105;236;1
105;248;1
105;257;1
105;262;1
105;269;1
105;290;1
106;107;1
106;108;1
106;121;1
106;123;1
106;147;1
106;150;1
106;153;1
106;156;1
106;182;1
106;187;1
106;200;1
106;208;1
106;209;1
106;212;1
106;220;1
106;232;1
106;239;1
106;241;1
106;244;1
106;254;1
106;283;1
106;290;1
107;110;1
107;114;1
107;115;1
107;140;1
107;183;1
107;187;1
107;194;1
107;195;1
107;232;1
107;262;1
107;265;1
107;287;1
108;118;1
108;120;1
108;140;1
108;157;1
108;167;1
108;183;1
108;188;1
109;118;1
109;150;1
109;176;1
109;193;1
109;209;1
110;112;1
110;129;1
110;143;1
110;147;1
110;154;1
110;155;1
110;167;1
110;181;1
110;187;1
110;226;1
111;112;1
111;114;1
111;120;1
111;162;1
111;187;1
111;226;1
112;143;1
112;150;1
112;159;1
112;165;1
112;171;1
112;182;1
112;184;1
112;185;1
112;214;1
112;226;1
112;242;1
112;243;1
112;270;1
114;124;1
114;126;1
114;133;1
114;136;1
114;137;1
114;138;1
114;139;1
114;147;1
114;148;1
114;151;1
114;155;1
114;156;1
114;158;1
114;159;1
114;162;1
114;163;1
114;166;1
114;171;1
114;176;1
114;185;1
114;187;1
114;201;1
114;210;1
114;232;1
114;235;1
114;243;1
114;258;1
114;265;1
114;269;1
114;285;1
115;124;1
115;137;1
115;143;1
115;165;1
115;180;1
115;187;1
115;188;1
115;195;1
115;209;1
115;229;1
115;230;1
115;232;1
115;235;1
115;238;1
115;239;1
115;242;1
115;244;1
115;246;1
115;253;1
115;261;1
115;269;1
115;271;1
115;277;1
115;286;1
116;183;1
117;143;1
117;144;1
117;149;1
117;155;1
117;188;1
117;221;1
117;232;1
117;254;1
117;265;1
117;283;1
118;121;1
118;129;1
118;144;1
118;146;1
118;151;1
118;174;1
118;176;1
118;184;1
118;187;1
118;198;1
118;201;1
118;217;1
118;226;1
118;234;1
118;241;1
118;250;1
118;254;1
118;255;1
118;261;1
118;275;1
118;284;1
120;124;1
120;126;1
120;129;1
120;130;1
120;163;1
120;179;1
120;184;1
120;185;1
120;187;1
120;188;1
120;189;1
120;194;1
120;198;1
120;232;1
120;234;1
120;235;1
120;244;1
120;245;1
120;257;1
120;258;1
120;270;1
120;275;1
120;276;1
121;149;1
121;167;1
121;183;1
121;263;1
122;162;1
123;194;1
123;195;1
124;134;1
124;139;1
124;216;1
124;243;1
124;247;1
124;260;1
124;265;1
125;194;1
126;134;1
126;137;1
126;143;1
126;149;1
126;155;1
126;163;1
126;214;1
126;221;1
126;236;1
126;265;1
127;216;1
129;134;1
129;135;1
129;150;1
129;176;1
129;182;1
129;184;1
129;187;1
129;188;1
129;189;1
129;194;1
129;235;1
129;246;1
129;258;1
129;263;1
130;149;1
130;150;1
130;157;1
130;174;1
130;182;1
130;183;1
130;187;1
130;214;1
130;236;1
130;239;1
131;181;1
131;194;1
132;149;1
132;150;1
132;182;1
132;183;1
132;201;1
133;149;1
133;188;1
133;200;1
133;259;1
134;153;1
134;156;1
134;157;1
134;174;1
134;182;1
134;185;1
134;188;1
134;190;1
134;192;1
134;195;1
134;209;1
134;210;1
134;241;1
134;242;1
134;254;1
134;271;1
135;138;1
135;144;1
135;146;1
135;147;1
135;153;1
135;165;1
135;169;1
135;170;1
135;174;1
135;207;1
135;210;1
135;211;1
135;228;1
135;230;1
135;235;1
135;241;1
135;242;1
135;244;1
135;245;1
135;249;1
135;252;1
135;259;1
135;261;1
135;270;1
135;290;1
136;199;1
136;242;1
137;140;1
137;156;1
137;174;1
137;176;1
137;183;1
137;195;1
137;209;1
137;216;1
137;221;1
137;228;1
137;229;1
137;236;1
137;250;1
137;263;1
138;183;1
138;273;1
139;153;1
139;154;1
139;157;1
139;159;1
139;163;1
139;165;1
139;171;1
139;187;1
139;191;1
139;196;1
139;209;1
139;210;1
139;215;1
139;228;1
139;229;1
139;245;1
139;249;1
139;257;1
139;261;1
139;268;1
139;269;1
140;144;1
140;155;1
140;163;1
140;174;1
140;182;1
140;201;1
140;213;1
140;223;1
140;232;1
140;254;1
140;263;1
140;265;1
140;269;1
140;270;1
140;275;1
140;277;1
140;283;1
140;285;1
140;290;1
141;143;1
141;144;1
141;147;1
141;162;1
141;183;1
141;229;1
142;236;1
143;144;1
143;153;1
143;154;1
143;157;1
143;159;1
143;184;1
143;197;1
143;201;1
143;221;1
143;239;1
143;240;1
143;241;1
143;244;1
143;258;1
143;269;1
143;286;1
144;147;1
144;150;1
144;181;1
144;183;1
144;194;1
144;195;1
144;209;1
144;246;1
144;248;1
144;275;1
145;236;1
146;236;1
146;263;1
147;148;1
147;149;1
147;150;1
147;181;1
147;182;1
147;188;1
147;194;1
147;195;1
147;200;1
147;216;1
147;241;1
147;244;1
148;163;1
148;167;1
148;187;1
148;189;1
148;194;1
148;195;1
148;201;1
148;214;1
148;226;1
148;236;1
148;249;1
148;257;1
148;270;1
149;163;1
149;168;1
149;176;1
149;185;1
149;201;1
149;206;1
149;209;1
149;210;1
149;212;1
149;218;1
149;238;1
149;239;1
149;240;1
149;241;1
149;243;1
149;244;1
149;265;1
149;275;1
149;283;1
149;285;1
149;287;1
150;152;1
150;154;1
150;181;1
150;204;1
150;214;1
150;223;1
150;246;1
150;252;1
150;266;1
150;271;1
150;285;1
151;184;1
151;185;1
151;194;1
151;226;1
152;157;1
152;162;1
152;181;1
152;182;1
152;195;1
152;196;1
152;201;1
152;216;1
152;218;1
153;155;1
153;160;1
153;162;1
153;182;1
153;185;1
153;226;1
153;230;1
153;236;1
153;286;1
154;167;1
154;229;1
154;239;1
154;246;1
155;167;1
155;179;1
155;183;1
155;190;1
155;207;1
155;242;1
155;249;1
155;262;1
155;286;1
156;188;1
156;236;1
157;160;1
157;162;1
157;163;1
157;183;1
157;188;1
157;207;1
157;230;1
157;236;1
157;249;1
157;256;1
157;286;1
158;165;1
158;172;1
158;183;1
158;188;1
158;194;1
158;236;1
158;269;1
158;290;1
159;168;1
159;188;1
159;194;1
159;217;1
159;236;1
159;239;1
159;241;1
160;165;1
160;185;1
160;190;1
160;222;1
160;230;1
160;244;1
160;249;1
161;181;1
162;163;1
162;165;1
162;171;1
162;176;1
162;184;1
162;195;1
162;201;1
162;209;1
162;213;1
162;226;1
162;232;1
162;235;1
162;238;1
162;239;1
162;242;1
162;261;1
162;276;1
163;169;1
163;183;1
163;185;1
163;194;1
163;195;1
163;201;1
163;214;1
164;181;1
165;172;1
165;181;1
165;190;1
165;200;1
165;235;1
165;246;1
165;290;1
166;216;1
167;174;1
167;188;1
167;196;1
167;200;1
167;209;1
167;223;1
167;228;1
167;235;1
167;246;1
167;249;1
167;254;1
167;263;1
167;270;1
167;275;1
167;289;1
168;252;1
169;238;1
171;181;1
171;189;1
171;190;1
171;194;1
171;249;1
172;194;1
172;290;1
174;176;1
174;181;1
174;182;1
174;216;1
174;226;1
174;236;1
174;246;1
174;261;1
175;194;1
175;201;1
175;213;1
176;187;1
176;190;1
176;197;1
176;200;1
176;201;1
176;221;1
176;232;1
176;248;1
176;249;1
176;257;1
176;263;1
176;270;1
181;186;1
181;187;1
181;189;1
181;201;1
181;207;1
181;213;1
181;226;1
181;239;1
181;246;1
181;249;1
181;259;1
181;263;1
181;269;1
181;270;1
181;275;1
182;187;1
182;196;1
182;214;1
182;226;1
182;236;1
182;290;1
183;187;1
183;196;1
183;208;1
183;216;1
183;217;1
183;220;1
183;221;1
183;223;1
183;232;1
183;237;1
183;240;1
183;241;1
183;242;1
183;246;1
183;248;1
183;262;1
183;263;1
183;268;1
183;269;1
183;275;1
183;283;1
183;286;1
183;289;1
184;185;1
184;187;1
184;188;1
184;201;1
184;208;1
184;220;1
184;221;1
184;226;1
184;239;1
184;242;1
184;246;1
184;250;1
184;253;1
184;261;1
184;263;1
184;290;1
185;190;1
185;200;1
185;232;1
185;236;1
185;244;1
185;282;1
185;283;1
185;286;1
187;195;1
187;226;1
187;236;1
187;248;1
187;249;1
188;201;1
188;214;1
188;221;1
188;223;1
188;226;1
188;228;1
188;229;1
188;269;1
188;275;1
188;276;1
188;290;1
189;242;1
189;246;1
189;258;1
190;195;1
190;214;1
190;230;1
190;249;1
190;286;1
194;201;1
194;208;1
194;213;1
194;220;1
194;229;1
194;232;1
194;237;1
194;244;1
194;248;1
194;249;1
194;254;1
194;261;1
195;209;1
195;212;1
195;219;1
195;223;1
195;239;1
195;245;1
195;248;1
195;249;1
195;254;1
195;263;1
195;275;1
195;286;1
197;239;1
198;235;1
198;236;1
198;261;1
200;214;1
200;221;1
200;235;1
201;236;1
201;249;1
201;261;1
202;262;1
204;235;1
206;246;1
207;236;1
208;229;1
208;237;1
209;242;1
209;250;1
209;275;1
210;238;1
212;239;1
213;236;1
213;249;1
214;218;1
214;221;1
214;229;1
214;238;1
214;246;1
214;248;1
214;254;1
214;270;1
214;290;1
215;246;1
216;217;1
216;226;1
216;235;1
216;242;1
216;248;1
216;270;1
219;254;1
220;229;1
220;237;1
221;226;1
221;248;1
222;236;1
223;239;1
223;244;1
223;246;1
223;270;1
226;229;1
226;236;1
226;269;1
226;287;1
229;246;1
229;249;1
229;283;1
232;236;1
233;261;1
235;254;1
236;250;1
236;262;1
236;263;1
236;283;1
236;289;1
236;290;1
239;242;1
239;245;1
239;249;1
239;251;1
239;257;1
239;275;1
239;283;1
240;243;1
240;265;1
241;249;1
241;275;1
242;250;1
242;270;1
243;247;1
243;260;1
243;265;1
244;249;1
245;268;1
245;273;1
245;277;1
246;249;1
246;258;1
246;286;1
247;260;1
248;275;1
248;286;1
249;285;1
249;286;1
250;261;1
251;268;1
252;263;1
256;274;1
257;290;1
259;261;1
261;270;1
262;275;1
263;275;1
263;286;1
263;290;1
268;290;1
270;275;1
270;283;1
280;290;1
